name_last,name_first,key_fangraphs,key_mlbam,mlb_played_first,hand,Name,mlb_played_last
Aardsma,David,1902,430911,2004,R,David Aardsma,2015
Abad,Fernando,4994,472551,2010,L,Fernando Abad,2019
Accardo,Jeremy,6428,435618,2005,R,Jeremy Accardo,2012
Aceves,Alfredo,5164,469686,2008,R,Alfredo Aceves,2014
Achter,A. j.,11387,592091,2014,R,A. j. Achter,2016
Acosta,Manny,8725,407924,2007,R,Manny Acosta,2012
Adam,Jason,11861,592094,2018,R,Jason Adam,2021
Adams,Austin,13801,613534,2017,R,Austin Adams,2021
Adams,Austin,7411,542866,2014,R,Austin Adams,2019
Adams,Mike,1937,430606,2004,R,Mike Adams,2014
Adcock,Nathan,3282,502264,2011,R,Nathan Adcock,2015
Adleman,Tim,10968,534947,2016,R,Tim Adleman,2017
Affeldt,Jeremy,583,346793,2002,L,Jeremy Affeldt,2015
Agrazal,Dario,15821,642607,2019,R,Dario Agrazal,2019
Albaladejo,Jonathan,3521,452293,2007,R,Jonathan Albaladejo,2012
Albers,Andrew,7853,452027,2013,L,Andrew Albers,2017
Albers,Matt,4300,458006,2006,R,Matt Albers,2019
Alburquerque,Al,6324,456379,2011,R,Al Alburquerque,2017
Alcantara,Sandy,18684,645261,2017,R,Sandy Alcantara,2021
Alcantara,Victor,15028,622505,2017,R,Victor Alcantara,2019
Alexander,Scott,10591,518397,2015,L,Scott Alexander,2021
Alexander,Tyler,17735,641302,2019,L,Tyler Alexander,2021
Allard,Kolby,18694,663465,2018,L,Kolby Allard,2021
Allen,Cody,12183,592102,2012,R,Cody Allen,2019
Allen,Logan,18555,663531,2019,L,Logan Allen,2021
Almonte,Yency,15068,622075,2018,R,Yency Almonte,2021
Altavilla,Dan,16507,656186,2016,R,Dan Altavilla,2021
Alvarado,Jose,17780,621237,2017,L,Jose Alvarado,2021
Alvarez,Henderson,5669,506693,2011,R,Henderson Alvarez,2017
Alvarez,Jose,5358,501625,2013,L,Jose Alvarez,2021
Alzolay,Adbert,17859,640470,2019,R,Adbert Alzolay,2021
Ambriz,Hector,559,459932,2010,R,Hector Ambriz,2014
Anderson,Brett,8223,474463,2009,L,Brett Anderson,2021
Anderson,Chase,6895,502624,2014,R,Chase Anderson,2021
Anderson,Cody,12799,594736,2015,R,Cody Anderson,2019
Anderson,Justin,16201,605121,2018,R,Justin Anderson,2019
Anderson,Nick,18337,623433,2019,R,Nick Anderson,2020
Anderson,Shaun,19453,641312,2019,R,Shaun Anderson,2020
Anderson,Tyler,12880,542881,2016,L,Tyler Anderson,2021
Andriese,Matt,12022,542882,2015,R,Matt Andriese,2021
Arano,Victor,15915,644364,2017,R,Victor Arano,2019
Araujo,Elvis,12854,542587,2015,L,Elvis Araujo,2016
Archer,Chris,6345,502042,2012,R,Chris Archer,2021
Arias,Alberto,3087,464244,2007,R,Alberto Arias,2009
Armstrong,Shawn,12857,542888,2015,R,Shawn Armstrong,2021
Arredondo,Jose,4722,461766,2008,R,Jose Arredondo,2012
Arrieta,Jake,4153,453562,2010,R,Jake Arrieta,2021
Arroyo,Bronson,978,276520,2000,R,Bronson Arroyo,2017
Asencio,Jairo,3332,446003,2009,R,Jairo Asencio,2013
Asher,Alec,13560,594742,2015,R,Alec Asher,2018
Atchison,Scott,2642,425786,2004,R,Scott Atchison,2015
Atilano,Luis,3802,457447,2010,R,Luis Atilano,2010
Avilan,Luis,2882,501593,2012,L,Luis Avilan,2021
Axelrod,Dylan,9303,518420,2011,R,Dylan Axelrod,2015
Axford,John,9059,446099,2009,R,John Axford,2018
Ayala,Luis,1650,425646,2003,R,Luis Ayala,2013
Backe,Brandon,1529,407840,2002,R,Brandon Backe,2009
Badenhop,Burke,9736,488674,2008,R,Burke Badenhop,2015
Baek,Cha-seung,8214,430657,2004,R,Cha-seung Baek,2008
Báez,Danys,367,276056,2001,R,Danys Báez,2011
Baez,Pedro,5420,520980,2014,R,Pedro Baez,2020
Bailey,Andrew,1368,457732,2009,R,Andrew Bailey,2017
Bailey,Homer,8362,456701,2007,R,Homer Bailey,2020
Baker,Scott,6176,435044,2005,R,Scott Baker,2015
Bale,John,864,150469,1999,L,John Bale,2009
Balester,Collin,6883,444446,2008,R,Collin Balester,2015
Balfour,Grant,718,346797,2001,R,Grant Balfour,2015
Banda,Anthony,14706,607455,2017,L,Anthony Banda,2020
Banks,Josh,5570,457468,2007,R,Josh Banks,2010
Bannister,Brian,5718,446454,2006,R,Brian Bannister,2010
Banuelos,Manny,5365,544365,2015,L,Manny Banuelos,2019
Bard,Daniel,7115,453268,2009,R,Daniel Bard,2021
Bard,Luke,14288,572703,2018,R,Luke Bard,2020
Barlow,Scott,14993,605130,2018,R,Scott Barlow,2021
Barnes,Danny,11388,592130,2016,R,Danny Barnes,2018
Barnes,Jacob,12323,606930,2016,R,Jacob Barnes,2021
Barnes,Matt,12863,598264,2014,R,Matt Barnes,2021
Barnette,Tony,3555,501817,2016,R,Tony Barnette,2019
Barraclough,Kyle,13713,607457,2015,R,Kyle Barraclough,2019
Barrett,Aaron,11243,502578,2014,R,Aaron Barrett,2020
Barrett,Jake,13322,545332,2016,R,Jake Barrett,2019
Barria,Jaime,18356,642545,2018,R,Jaime Barria,2021
Bashlor,Tyler,15203,641341,2018,R,Tyler Bashlor,2020
Bass,Anthony,7982,542914,2011,R,Anthony Bass,2021
Bass,Brian,2219,430654,2008,R,Brian Bass,2010
Bassitt,Chris,12304,605135,2014,R,Chris Bassitt,2021
Bastardo,Antonio,8844,455374,2009,L,Antonio Bastardo,2017
Batista,Miguel,46,110683,1992,R,Miguel Batista,2012
Bauer,Trevor,12703,545333,2012,R,Trevor Bauer,2021
Bautista,Denny,1947,429714,2004,R,Denny Bautista,2010
Beachy,Brandon,8851,545404,2010,R,Brandon Beachy,2015
Beato,Pedro,1330,474039,2011,R,Pedro Beato,2017
Beavan,Blake,338,518444,2011,R,Blake Beavan,2014
Beck,Chris,13418,571476,2015,R,Chris Beck,2018
Beckett,Josh,510,277417,2001,R,Josh Beckett,2014
Bedard,Erik,126,407853,2002,L,Erik Bedard,2014
Bedrosian,Cam,13360,592135,2014,R,Cam Bedrosian,2021
Beede,Tyler,16981,595881,2018,R,Tyler Beede,2019
Beeks,Jalen,17192,656222,2018,L,Jalen Beeks,2020
Beimel,Joe,979,346847,2001,L,Joe Beimel,2015
Belisario,Ronald,2203,430613,2009,R,Ronald Belisario,2015
Belisle,Matt,1837,279571,2003,R,Matt Belisle,2018
Beliveau,Jeff,8504,542924,2012,L,Jeff Beliveau,2018
Bell,Chad,10297,518445,2017,L,Chad Bell,2018
Bell,Heath,2080,425514,2004,R,Heath Bell,2014
Bell,Trevor,7074,457707,2009,R,Trevor Bell,2014
Below,Duane,3124,502102,2011,L,Duane Below,2013
Bennett,Jeff,1903,430831,2004,R,Jeff Bennett,2009
Benoit,Joaquin,1437,276542,2001,R,Joaquin Benoit,2017
Berg,Justin,1973,448753,2009,R,Justin Berg,2011
Bergesen,Brad,8375,448269,2009,R,Brad Bergesen,2012
Bergman,Christian,10925,548357,2014,R,Christian Bergman,2018
Bergmann,Jason,4640,456589,2005,R,Jason Bergmann,2010
Berken,Jason,5673,460072,2009,R,Jason Berken,2012
Berrios,Jose,14168,621244,2016,R,Jose Berrios,2021
Betances,Dellin,6216,476454,2011,R,Dellin Betances,2021
Betancourt,Rafael,177,429783,2003,R,Rafael Betancourt,2015
Bettis,Chad,10587,518452,2013,R,Chad Bettis,2019
Biagini,Joe,13194,607352,2016,R,Joe Biagini,2020
Bibens-dirkx,Austin,9559,502212,2017,R,Austin Bibens-dirkx,2018
Biddle,Jesse,11437,592145,2018,L,Jesse Biddle,2021
Bieber,Shane,19427,669456,2018,R,Shane Bieber,2021
Billingsley,Chad,5842,451532,2006,R,Chad Billingsley,2015
Blach,Ty,14361,621389,2016,L,Ty Blach,2019
Black,Vic,9195,502195,2013,R,Vic Black,2014
Blackburn,Nick,4270,448147,2007,R,Nick Blackburn,2012
Blackburn,Paul,14739,621112,2017,R,Paul Blackburn,2020
Blackley,Travis,3234,429715,2004,L,Travis Blackley,2013
Blair,Aaron,14934,594760,2016,R,Aaron Blair,2017
Blanton,Joe,4849,430599,2004,R,Joe Blanton,2017
Blazek,Michael,9654,518468,2013,R,Michael Blazek,2019
Bleier,Richard,7803,542947,2016,L,Richard Bleier,2021
Blevins,Jerry,7841,460283,2007,L,Jerry Blevins,2019
Boggs,Mitchell,3344,459939,2008,R,Mitchell Boggs,2013
Bolsinger,Mike,11137,502211,2014,R,Mike Bolsinger,2017
Bonderman,Jeremy,1667,425827,2003,R,Jeremy Bonderman,2013
Bonilla,Lisalverto,11266,570810,2014,R,Lisalverto Bonilla,2017
Bonine,Eddie,5890,444382,2008,R,Eddie Bonine,2010
Bonser,Boof,2159,425818,2006,R,Boof Bonser,2010
Borucki,Ryan,16350,621366,2018,L,Ryan Borucki,2021
Boshers,Buddy,8490,542953,2013,L,Buddy Boshers,2019
Bowden,Michael,4440,476601,2008,R,Michael Bowden,2013
Bowman,Matthew,13528,621199,2016,R,Matthew Bowman,2019
Boxberger,Brad,10133,502202,2012,R,Brad Boxberger,2021
Boyd,Matt,15440,571510,2015,L,Matt Boyd,2021
Boyer,Blaine,2237,430641,2005,R,Blaine Boyer,2018
Brach,Brad,6627,542960,2011,R,Brad Brach,2020
Bracho,Silvino,15051,611093,2015,R,Silvino Bracho,2020
Braddock,Zach,4553,488722,2010,L,Zach Braddock,2011
Braden,Dallas,8099,460284,2007,L,Dallas Braden,2011
Bradford,Chad,904,136268,1998,R,Chad Bradford,2009
Bradford,Chase,12452,607473,2017,R,Chase Bradford,2019
Bradley,Archie,12918,605151,2015,R,Archie Bradley,2021
Brasier,Ryan,5615,518489,2013,R,Ryan Brasier,2020
Brault,Steven,15291,643230,2016,L,Steven Brault,2020
Bray,Bill,8538,435538,2006,L,Bill Bray,2012
Brebbia,John,12777,605154,2017,R,John Brebbia,2019
Brennan,Brandon,13527,592165,2019,R,Brandon Brennan,2020
Breslow,Craig,4363,444520,2005,L,Craig Breslow,2017
Brewer,Colten,12997,605155,2018,R,Colten Brewer,2020
Brice,Austin,17237,592169,2016,R,Austin Brice,2021
Bridwell,Parker,11502,592170,2016,R,Parker Bridwell,2018
Brigham,Jeff,16631,656257,2018,R,Jeff Brigham,2020
Britton,Zack,3240,502154,2011,L,Zack Britton,2020
Brocail,Doug,551,111492,1992,R,Doug Brocail,2009
Brooks,Aaron,12272,605156,2014,R,Aaron Brooks,2019
Brothers,Rex,9794,571521,2011,L,Rex Brothers,2021
Brown,Brooks,5679,453156,2014,R,Brooks Brown,2015
Broxton,Jonathan,4759,455009,2005,R,Jonathan Broxton,2017
Bruney,Brian,1929,430663,2004,R,Brian Bruney,2012
Buchanan,David,11176,571527,2014,R,David Buchanan,2015
Buchanan,Jake,10962,594772,2014,R,Jake Buchanan,2017
Buchholz,Clay,3543,453329,2007,R,Clay Buchholz,2019
Buchholz,Taylor,2168,430587,2006,R,Taylor Buchholz,2011
Buchter,Ryan,9456,488748,2014,L,Ryan Buchter,2020
Buckner,Billy,8253,434438,2007,R,Billy Buckner,2014
Buehler,Walker,19374,621111,2017,R,Walker Buehler,2021
Buehrle,Mark,225,279824,2000,L,Mark Buehrle,2015
Bueno,Francisley,5980,499107,2008,L,Francisley Bueno,2014
Bulger,Jason,3915,408072,2005,R,Jason Bulger,2011
Bullington,Bryan,5066,425860,2005,R,Bryan Bullington,2010
Bumgarner,Madison,5524,518516,2009,L,Madison Bumgarner,2021
Bummer,Aaron,16258,607481,2017,L,Aaron Bummer,2021
Bundy,Dylan,12917,605164,2012,R,Dylan Bundy,2021
Burgos,Enrique,3895,542609,2015,R,Enrique Burgos,2016
Burke,Greg,6282,457566,2009,R,Greg Burke,2013
Burnes,Corbin,19361,669203,2018,R,Corbin Burnes,2021
Burnett,A. j.,512,150359,1999,R,A. j. Burnett,2015
Burnett,Alex,4065,488751,2010,R,Alex Burnett,2013
Burnett,Sean,1886,430634,2004,L,Sean Burnett,2016
Burns,Mike,2932,446916,2005,R,Mike Burns,2009
Burres,Brian,3425,434638,2006,L,Brian Burres,2011
Burton,Jared,8346,454537,2007,R,Jared Burton,2014
Busenitz,Alan,15239,641427,2017,R,Alan Busenitz,2018
Bush,Dave,4635,433657,2004,R,Dave Bush,2013
Bush,Matt,1246,456713,2016,R,Matt Bush,2021
Butler,Eddie,13453,572750,2014,R,Eddie Butler,2018
Buttrey,Ty,14719,621142,2018,R,Ty Buttrey,2020
Byrd,Paul,594,111838,1995,R,Paul Byrd,2009
Byrdak,Tim,1995,136263,1998,L,Tim Byrdak,2013
Cabrera,Daniel,1931,425555,2004,R,Daniel Cabrera,2009
Cabrera,Genesis,17490,650893,2019,L,Genesis Cabrera,2021
Cahill,Trevor,6249,502239,2009,R,Trevor Cahill,2021
Cain,Matt,4732,430912,2005,R,Matt Cain,2017
Calero,Kiko,1676,425606,2003,R,Kiko Calero,2009
Caminero,Arquimedes,8992,491708,2013,R,Arquimedes Caminero,2016
Camp,Shawn,1855,425861,2004,R,Shawn Camp,2014
Campillo,Jorge,8686,435658,2005,R,Jorge Campillo,2009
Canning,Griffin,19867,656288,2019,R,Griffin Canning,2021
Capps,Carter,12803,605169,2012,R,Carter Capps,2017
Capps,Matt,4788,448165,2005,R,Matt Capps,2012
Capuano,Chris,1701,425626,2003,L,Chris Capuano,2016
Carle,Shane,15258,641438,2017,R,Shane Carle,2019
Carlson,Jesse,4391,434482,2008,L,Jesse Carlson,2010
Carlyle,Buddy,2010,234194,1999,R,Buddy Carlyle,2015
Carpenter,Chris,1292,112020,1997,R,Chris Carpenter,2012
Carpenter,David,3959,502304,2011,R,David Carpenter,2019
Carpenter,Ryan,12699,543001,2018,L,Ryan Carpenter,2019
Carrasco,Carlos,6632,471911,2009,R,Carlos Carrasco,2020
Carrasco,D. j.,1666,425647,2003,R,D. j. Carrasco,2012
Carroll,Scott,888,453222,2014,R,Scott Carroll,2016
Cashner,Andrew,8782,488768,2010,R,Andrew Cashner,2019
Casilla,Santiago,2873,433586,2004,R,Santiago Casilla,2018
Cassevah,Bobby,6950,445001,2010,R,Bobby Cassevah,2012
Castillo,Alberto,3316,441368,2008,L,Alberto Castillo,2011
Castillo,Diego,17496,650895,2018,R,Diego Castillo,2021
Castillo,Luis,15689,622491,2017,R,Luis Castillo,2021
Castro,Miguel,15684,612434,2015,R,Miguel Castro,2021
Castro,Simon,9243,501563,2013,R,Simon Castro,2017
Cease,Dylan,18525,656302,2019,R,Dylan Cease,2021
Cecil,Brett,2660,446399,2009,L,Brett Cecil,2018
Cedeno,Xavier,36,458584,2011,L,Xavier Cedeno,2019
Cessa,Luis,13345,570666,2016,R,Luis Cessa,2021
Chacin,Jhoulys,2608,468504,2009,R,Jhoulys Chacin,2021
Chacon,Shawn,424,276336,2001,R,Shawn Chacon,2008
Chafin,Andrew,12988,605177,2014,L,Andrew Chafin,2021
Chamberlain,Joba,2692,501955,2007,R,Joba Chamberlain,2016
Chapman,Aroldis,10233,547973,2010,L,Aroldis Chapman,2021
Chapman,Kevin,11240,502087,2013,L,Kevin Chapman,2016
Chargois,J. t.,13767,608638,2016,R,J. t. Chargois,2019
Chatwood,Tyler,4338,543022,2011,R,Tyler Chatwood,2021
Chavez,Jesse,5448,445926,2008,R,Jesse Chavez,2020
Chen,Bruce,769,136600,1998,L,Bruce Chen,2015
Chen,Wei-yin,13071,612672,2012,L,Wei-yin Chen,2019
Chico,Matt,6068,453889,2007,L,Matt Chico,2010
Chirinos,Yonny,16401,630023,2018,R,Yonny Chirinos,2020
Choate,Randy,813,329092,2000,L,Randy Choate,2015
Chulk,Vinnie,1838,425562,2003,R,Vinnie Chulk,2012
Cimber,Adam,15288,643256,2018,R,Adam Cimber,2021
Cingrani,Tony,12555,571561,2012,L,Tony Cingrani,2018
Cishek,Steve,6483,518553,2010,R,Steve Cishek,2021
Cisnero,Jose,6399,542585,2013,R,Jose Cisnero,2021
Civale,Aaron,19479,650644,2019,R,Aaron Civale,2021
Claiborne,Preston,10500,502011,2013,R,Preston Claiborne,2017
Clarke,Taylor,17611,664199,2019,R,Taylor Clarke,2021
Claudio,Alex,12890,592222,2014,L,Alex Claudio,2021
Clemens,Paul,8037,518560,2013,R,Paul Clemens,2016
Clevinger,Mike,12808,605182,2016,R,Mike Clevinger,2020
Clippard,Tyler,5640,461325,2007,R,Tyler Clippard,2020
Cloyd,Tyler,8536,543031,2012,R,Tyler Cloyd,2018
Cobb,Alex,6562,502171,2011,R,Alex Cobb,2021
Coffey,Todd,2467,434298,2005,R,Todd Coffey,2012
Coke,Phil,5535,457435,2008,L,Phil Coke,2016
Cole,A. j.,11467,595918,2015,R,A. j. Cole,2020
Cole,Gerrit,13125,543037,2013,R,Gerrit Cole,2021
Cole,Taylor,11964,518566,2017,R,Taylor Cole,2019
Coleman,Casey,8270,488787,2010,R,Casey Coleman,2014
Coleman,Louis,9720,488786,2011,R,Louis Coleman,2018
Collins,Tim,3164,525768,2011,L,Tim Collins,2019
Collmenter,Josh,7312,518567,2011,R,Josh Collmenter,2017
Colome,Alex,6661,517008,2013,R,Alex Colome,2021
Colome,Jesus,1198,400125,2001,R,Jesus Colome,2010
Colon,Bartolo,375,112526,1997,R,Bartolo Colon,2018
Colon,Roman,2242,430638,2004,R,Roman Colon,2012
Condrey,Clay,1579,424925,2002,R,Clay Condrey,2009
Conley,Adam,14457,543045,2015,L,Adam Conley,2019
Contreras,José,1660,425747,2003,R,José Contreras,2013
Cook,Aaron,1571,346871,2002,R,Aaron Cook,2012
Cook,Ryan,8855,475857,2011,R,Ryan Cook,2018
Coonrod,Sam,17264,656322,2019,R,Sam Coonrod,2021
Corbin,Patrick,9323,571578,2012,L,Patrick Corbin,2021
Corcoran,Roy,1780,429981,2003,R,Roy Corcoran,2009
Cordero,Francisco,1243,150188,1999,R,Francisco Cordero,2012
Cordero,Jimmy,15690,622772,2018,R,Jimmy Cordero,2020
Cormier,Lance,4346,433578,2004,R,Lance Cormier,2011
Corpas,Manny,2807,466918,2006,R,Manny Corpas,2013
Correia,Kevin,1767,429781,2003,R,Kevin Correia,2015
Cortes,Nestor,17874,641482,2018,L,Nestor Cortes,2020
Cosart,Jarred,10304,543054,2013,R,Jarred Cosart,2017
Cotton,Jharel,13654,605194,2016,R,Jharel Cotton,2017
Cotts,Neal,1797,425840,2003,L,Neal Cotts,2015
Coulombe,Danny,13293,543056,2014,L,Danny Coulombe,2020
Covey,Dylan,14825,592229,2017,R,Dylan Covey,2020
Crain,Jesse,4817,430884,2004,R,Jesse Crain,2013
Cravy,Tyler,10770,572788,2015,R,Tyler Cravy,2016
Crichton,Stefan,16058,592233,2017,R,Stefan Crichton,2021
Crick,Kyle,13182,605195,2017,R,Kyle Crick,2021
Crockett,Kyle,15033,641490,2014,L,Kyle Crockett,2018
Crow,Aaron,10149,543070,2011,R,Aaron Crow,2014
Cruz,Juan,273,407297,2001,R,Juan Cruz,2012
Cruz,Rhiner,711,462480,2012,R,Rhiner Cruz,2018
Cueto,Johnny,6893,456501,2008,R,Johnny Cueto,2021
Cumpton,Brandon,11366,592238,2013,R,Brandon Cumpton,2018
Cunniff,Brandon,11509,594792,2015,R,Brandon Cunniff,2016
Curtiss,John,16128,595928,2017,R,John Curtiss,2021
Daley,Matt,7952,457935,2009,R,Matt Daley,2014
Danks,John,6329,433579,2007,L,John Danks,2016
Darvish,Yu,13074,506433,2012,R,Yu Darvish,2021
Davies,Kyle,3642,434678,2005,R,Kyle Davies,2015
Davies,Zach,13183,605200,2015,R,Zach Davies,2021
Davis,Austin,17117,656354,2018,L,Austin Davis,2020
Davis,Doug,1244,150277,1999,L,Doug Davis,2011
Davis,Wade,7441,451584,2009,R,Wade Davis,2021
Dayton,Grant,11203,594795,2016,L,Grant Dayton,2021
De fratus,Justin,4955,518603,2011,R,Justin De fratus,2015
De jong,Chase,15036,608328,2017,R,Chase De jong,2020
De la cruz,Joel,12825,503444,2016,R,Joel De la cruz,2016
De la rosa,Dane,10095,451773,2011,R,Dane De la rosa,2014
De la rosa,Eury,4055,545001,2013,L,Eury De la rosa,2014
De la rosa,Jorge,2047,407822,2004,L,Jorge De la rosa,2018
De la rosa,Rubby,3862,523989,2011,R,Rubby De la rosa,2017
De vries,Cole,8201,453301,2012,R,Cole De vries,2013
Dean,Pat,11350,534737,2016,L,Pat Dean,2016
Deduno,Sam,5285,465679,2010,R,Sam Deduno,2015
Degrom,Jacob,10954,594798,2014,R,Jacob Degrom,2021
Del rosario,Enerio,4204,491688,2010,R,Enerio Del rosario,2012
Delabar,Steve,11827,447755,2011,R,Steve Delabar,2016
Delcarmen,Manny,3180,434668,2005,R,Manny Delcarmen,2010
Delgado,Randall,5985,517414,2011,R,Randall Delgado,2018
Demel,Sam,868,451585,2010,R,Sam Demel,2012
Dempster,Ryan,517,133225,1998,R,Ryan Dempster,2013
Desclafani,Anthony,13050,543101,2014,R,Anthony Desclafani,2021
Despaigne,Odrisamer,16017,628333,2014,R,Odrisamer Despaigne,2019
Dessens,Elmer,317,113296,1996,R,Elmer Dessens,2010
Detwiler,Ross,2859,446321,2007,L,Ross Detwiler,2021
Devenski,Chris,12763,606965,2016,R,Chris Devenski,2021
Devine,Joey,9862,457733,2005,R,Joey Devine,2011
Diamond,Scott,5089,539438,2011,L,Scott Diamond,2016
Diaz,Edwin,14710,621242,2016,R,Edwin Diaz,2021
Diaz,Jairo,12774,545064,2014,R,Jairo Diaz,2020
Diaz,Jumbo,3397,471822,2014,R,Jumbo Diaz,2017
Diaz,Miguel,18815,622766,2017,R,Miguel Diaz,2021
Dickey,R. a.,1245,285079,2001,R,R. a. Dickey,2017
Diekman,Jake,5003,518617,2012,L,Jake Diekman,2021
Difelice,Mark,2468,442707,2008,R,Mark Difelice,2011
Dillard,Tim,5518,457422,2008,R,Tim Dillard,2012
Dobnak,Randy,23798,677976,2019,R,Randy Dobnak,2021
Dolis,Rafael,4185,503569,2011,R,Rafael Dolis,2021
Dolsi,Freddy,5424,451767,2008,R,Freddy Dolsi,2009
Dominguez,Jose,11571,523848,2013,R,Jose Dominguez,2016
Dominguez,Seranthony,19249,622554,2018,R,Seranthony Dominguez,2019
Donnelly,Brendan,1441,407791,2002,R,Brendan Donnelly,2010
Doolittle,Sean,1581,448281,2012,L,Sean Doolittle,2021
Dotel,Octavio,555,136734,1999,R,Octavio Dotel,2013
Doubront,Felix,1478,467094,2010,L,Felix Doubront,2015
Downs,Darin,5903,445153,2012,L,Darin Downs,2014
Downs,Scott,773,275933,2000,L,Scott Downs,2014
Drabek,Kyle,4359,475138,2010,R,Kyle Drabek,2016
Drake,Oliver,8823,543118,2015,R,Oliver Drake,2020
Duchscherer,Justin,910,407113,2001,R,Justin Duchscherer,2010
Duensing,Brian,4064,488846,2009,L,Brian Duensing,2018
Duffey,Tyler,13758,608648,2015,R,Tyler Duffey,2021
Duffy,Danny,3542,518633,2011,L,Danny Duffy,2021
Dugger,Robert,19191,667498,2019,R,Robert Dugger,2021
Duke,Zach,3840,435043,2005,L,Zach Duke,2019
Dull,Ryan,13974,623430,2015,R,Ryan Dull,2019
Dumatrait,Phil,8598,430597,2007,L,Phil Dumatrait,2011
Dunn,Justin,19268,643290,2019,R,Justin Dunn,2021
Dunn,Mike,9948,445197,2009,L,Mike Dunn,2019
Durbin,Chad,1442,239795,1999,R,Chad Durbin,2013
Dyson,Sam,11710,473879,2012,R,Sam Dyson,2019
Eaton,Adam,1029,284566,2000,R,Adam Eaton,2009
Edgin,Josh,10796,572831,2012,L,Josh Edgin,2017
Edwards,Carl,13607,605218,2015,R,Carl Edwards,2021
Eflin,Zach,13774,621107,2016,R,Zach Eflin,2021
Eickhoff,Jerad,12664,595191,2015,R,Jerad Eickhoff,2019
Ekstrom,Mike,7488,455091,2008,R,Mike Ekstrom,2012
Elbert,Scott,7489,455092,2008,L,Scott Elbert,2014
Elias,Roenis,12673,606273,2014,L,Roenis Elias,2019
Ellington,Brian,17233,623395,2015,R,Brian Ellington,2017
Ely,John,6132,518655,2010,R,John Ely,2012
Embree,Alan,1030,113833,1992,L,Alan Embree,2009
Enright,Barry,2412,446264,2010,R,Barry Enright,2013
Eovaldi,Nathan,9132,543135,2011,R,Nathan Eovaldi,2021
Eppley,Cody,9095,543136,2011,R,Cody Eppley,2013
Erlin,Robbie,10354,572362,2013,L,Robbie Erlin,2020
Escalona,Edgmer,8574,467850,2010,R,Edgmer Escalona,2013
Eshelman,Thomas,18361,664045,2019,R,Thomas Eshelman,2020
Estevez,Carlos,14542,608032,2016,R,Carlos Estevez,2021
Estrada,Marco,1118,462136,2008,R,Marco Estrada,2019
Eveland,Dana,5508,445968,2005,L,Dana Eveland,2016
Eyre,Scott,1300,113961,1997,L,Scott Eyre,2009
Fairbanks,Pete,17998,664126,2019,R,Pete Fairbanks,2021
Familia,Jeurys,5114,544727,2012,R,Jeurys Familia,2021
Faria,Jake,13699,607188,2017,R,Jake Faria,2019
Farmer,Buck,14814,571656,2014,R,Buck Farmer,2021
Farnsworth,Kyle,278,150035,1999,R,Kyle Farnsworth,2014
Farquhar,Danny,8501,543144,2011,R,Danny Farquhar,2018
Farrell,Luke,15101,608652,2017,R,Luke Farrell,2021
Fedde,Erick,17425,607200,2017,R,Erick Fedde,2021
Feierabend,Ryan,6336,456387,2006,L,Ryan Feierabend,2019
Feldman,Scott,6283,444857,2005,R,Scott Feldman,2017
Feliciano,Pedro,1601,408230,2002,L,Pedro Feliciano,2013
Feliz,Michael,11903,593140,2015,R,Michael Feliz,2021
Feliz,Neftali,18,491703,2009,R,Neftali Feliz,2017
Ferguson,Caleb,19349,657571,2018,L,Caleb Ferguson,2020
Fernandez,Jose,11530,605228,2013,R,Jose Fernandez,2016
Fields,Josh,5070,451661,2013,R,Josh Fields,2018
Fien,Casey,3926,502272,2009,R,Casey Fien,2017
Fiers,Mike,7754,571666,2011,R,Mike Fiers,2021
Fife,Stephen,8077,543155,2012,R,Stephen Fife,2014
Figaro,Alfredo,8404,451628,2009,R,Alfredo Figaro,2014
Figueroa,Nelson,683,150153,2000,R,Nelson Figueroa,2011
Fillmyer,Heath,17466,641571,2018,R,Heath Fillmyer,2019
Finnegan,Brandon,16208,605232,2014,L,Brandon Finnegan,2018
Fisher,Carlos,9832,457567,2009,R,Carlos Fisher,2011
Fister,Doug,9425,450729,2009,R,Doug Fister,2018
Flaherty,Jack,17479,656427,2017,R,Jack Flaherty,2021
Flande,Yohan,5057,456071,2014,L,Yohan Flande,2016
Flexen,Chris,13896,623167,2017,R,Chris Flexen,2021
Flores,Randy,1446,420864,2002,L,Randy Flores,2010
Floro,Dylan,13394,571670,2016,R,Dylan Floro,2021
Floyd,Gavin,3886,425856,2004,R,Gavin Floyd,2016
Flynn,Brian,12027,543169,2013,L,Brian Flynn,2019
Fogg,Josh,989,150319,2001,R,Josh Fogg,2009
Foltynewicz,Mike,10811,592314,2014,R,Mike Foltynewicz,2021
Font,Wilmer,5257,521655,2012,R,Wilmer Font,2020
Francis,Jeff,4684,433585,2004,L,Jeff Francis,2015
Francisco,Frank,1933,407911,2004,R,Frank Francisco,2014
Franklin,Ryan,1076,211041,1999,R,Ryan Franklin,2011
Frasor,Jason,1906,430630,2004,R,Jason Frasor,2015
Freeland,Kyle,16256,607536,2017,L,Kyle Freeland,2020
Freeman,Sam,6832,518693,2012,L,Sam Freeman,2020
French,Luke,7529,448287,2009,L,Luke French,2010
Frias,Carlos,3547,516910,2014,R,Carlos Frias,2016
Fried,Max,13743,608331,2017,L,Max Fried,2021
Friedrich,Christian,7942,543184,2012,L,Christian Friedrich,2016
Frieri,Ernesto,5178,457117,2009,R,Ernesto Frieri,2017
Fry,Jace,16159,605240,2017,L,Jace Fry,2020
Fry,Paul,15832,643316,2018,L,Paul Fry,2021
Fuentes,Brian,429,150118,2001,L,Brian Fuentes,2012
Fulchino,Jeff,3532,445246,2006,R,Jeff Fulchino,2011
Fulmer,Carson,18311,608334,2016,R,Carson Fulmer,2021
Fulmer,Michael,13218,605242,2016,R,Michael Fulmer,2021
Furbush,Charlie,1370,518703,2011,L,Charlie Furbush,2015
Gabbard,Kason,3418,451257,2006,L,Kason Gabbard,2008
Galarraga,Armando,4222,451482,2007,R,Armando Galarraga,2012
Gallagher,Sean,8261,451595,2007,R,Sean Gallagher,2010
Gallardo,Yovani,8173,451596,2007,R,Yovani Gallardo,2018
Gallegos,Giovanny,14986,606149,2017,R,Giovanny Gallegos,2021
Gallen,Zac,19291,668678,2019,R,Zac Gallen,2021
Gant,John,13684,607231,2016,R,John Gant,2021
Garcia,Freddy,1077,150119,1999,R,Freddy Garcia,2013
Garcia,Jaime,8137,448802,2008,L,Jaime Garcia,2018
Garcia,Jarlin,18282,606424,2017,L,Jarlin Garcia,2021
Garcia,Luis,6984,472610,2013,R,Luis Garcia,2020
Garcia,Yimi,12095,554340,2014,R,Yimi Garcia,2021
Garland,Jon,232,279782,2000,R,Jon Garland,2013
Garrett,Amir,14375,607237,2017,L,Amir Garrett,2021
Garton,Ryan,14016,623439,2016,R,Ryan Garton,2019
Garza,Matt,3340,490063,2006,R,Matt Garza,2017
Gaudin,Chad,1783,429985,2003,R,Chad Gaudin,2013
Gausman,Kevin,14107,592332,2013,R,Kevin Gausman,2021
Gaviglio,Sam,12778,543208,2017,R,Sam Gaviglio,2020
Gearrin,Cory,7947,518715,2011,R,Cory Gearrin,2020
Geary,Geoff,1813,407783,2003,R,Geoff Geary,2009
Gee,Dillon,7396,518716,2010,R,Dillon Gee,2017
Geer,Josh,4781,446207,2008,R,Josh Geer,2009
Geltz,Steve,8402,544993,2012,R,Steve Geltz,2016
German,Domingo,17149,593334,2017,R,Domingo German,2021
Germano,Justin,1938,430683,2004,R,Justin Germano,2014
Germen,Gonzalez,5876,542674,2013,R,Gonzalez Germen,2016
Gibson,Kyle,10123,502043,2013,R,Kyle Gibson,2021
Giese,Dan,2656,435500,2007,R,Dan Giese,2009
Giles,Ken,12910,571704,2014,R,Ken Giles,2020
Gilmartin,Sean,12781,543219,2015,L,Sean Gilmartin,2020
Ginkel,Kevin,19876,656464,2019,R,Kevin Ginkel,2021
Giolito,Lucas,15474,608337,2016,R,Lucas Giolito,2021
Givens,Mychal,10430,571710,2015,R,Mychal Givens,2021
Glasnow,Tyler,14374,607192,2016,R,Tyler Glasnow,2021
Glavine,Tom,90,114849,1987,L,Tom Glavine,2008
Glover,Gary,234,150474,1999,R,Gary Glover,2008
Glover,Koda,17695,606983,2016,R,Koda Glover,2018
Godley,Zack,14862,643327,2015,R,Zack Godley,2021
Goeddel,Erik,11712,592340,2014,R,Erik Goeddel,2018
Gomber,Austin,16561,596295,2018,L,Austin Gomber,2021
Gomes,Brandon,2267,460156,2011,R,Brandon Gomes,2015
Gomez,Jeanmar,9033,491646,2010,R,Jeanmar Gomez,2019
Gonsolin,Tony,19388,664062,2019,R,Tony Gonsolin,2020
Gonzales,Marco,15467,594835,2014,L,Marco Gonzales,2021
Gonzalez,Chi chi,14663,592346,2015,R,Chi chi Gonzalez,2021
Gonzalez,Edgar,1727,429440,2003,R,Edgar Gonzalez,2013
Gonzalez,Gio,7448,461829,2008,L,Gio Gonzalez,2020
Gonzalez,Miguel,7024,456068,2012,R,Miguel Gonzalez,2018
Gonzalez,Mike,1794,283166,2003,L,Mike Gonzalez,2013
Gonzalez,Severino,14697,605894,2015,R,Severino Gonzalez,2016
Goody,Nick,13685,580792,2015,R,Nick Goody,2020
Gorzelanny,Tom,6244,452733,2005,L,Tom Gorzelanny,2016
Gossett,Daniel,16164,605254,2017,R,Daniel Gossett,2018
Gott,Trevor,15046,641627,2015,R,Trevor Gott,2020
Grabow,John,1848,346848,2003,L,John Grabow,2011
Grace,Matt,11449,594840,2015,L,Matt Grace,2020
Graham,J. r.,12042,543242,2015,R,J. r. Graham,2016
Graveman,Kendall,15514,608665,2014,R,Kendall Graveman,2021
Gray,Jeff,7718,462522,2008,R,Jeff Gray,2012
Gray,Jon,14916,592351,2015,R,Jon Gray,2021
Gray,Sonny,12768,543243,2013,R,Sonny Gray,2021
Green,Chad,15552,643338,2016,R,Chad Green,2021
Green,Sean,3001,434958,2006,R,Sean Green,2011
Greene,Shane,10756,572888,2014,R,Shane Greene,2020
Gregerson,Luke,4090,502381,2009,R,Luke Gregerson,2019
Gregg,Kevin,1793,276514,2003,R,Kevin Gregg,2015
Greinke,Zack,1943,425844,2004,R,Zack Greinke,2021
Griffin,A. j.,11132,456167,2012,R,A. j. Griffin,2017
Grilli,Jason,521,276351,2000,R,Jason Grilli,2017
Grimm,Justin,11720,518748,2012,R,Justin Grimm,2020
Gsellman,Robert,13696,607229,2016,R,Robert Gsellman,2021
Guardado,Eddie,727,115216,1993,L,Eddie Guardado,2009
Guerra,Deolis,8410,500610,2015,R,Deolis Guerra,2021
Guerra,Javy,7407,457915,2011,R,Javy Guerra,2020
Guerra,Junior,5702,448855,2015,R,Junior Guerra,2021
Guerrero,Tayron,11691,594027,2016,R,Tayron Guerrero,2019
Guerrier,Matt,2061,407825,2004,R,Matt Guerrier,2014
Guthrie,Jeremy,2072,425386,2004,R,Jeremy Guthrie,2017
Gutierrez,J. c.,3265,434641,2007,R,J. c. Gutierrez,2014
Guzman,Angel,2145,425768,2006,R,Angel Guzman,2009
Hader,Josh,14212,623352,2017,L,Josh Hader,2021
Haeger,Charlie,3545,446624,2006,R,Charlie Haeger,2010
Hagadone,Nick,1351,444935,2011,L,Nick Hagadone,2015
Hahn,Jesse,13287,534910,2014,R,Jesse Hahn,2021
Hale,David,9756,571735,2013,R,David Hale,2021
Halladay,Roy,1303,136880,1998,R,Roy Halladay,2013
Hamels,Cole,4972,430935,2006,L,Cole Hamels,2020
Hammel,Jason,4538,434628,2006,R,Jason Hammel,2018
Hampton,Mike,430,115399,1993,L,Mike Hampton,2010
Hand,Brad,9111,543272,2011,L,Brad Hand,2021
Hand,Donovan,8728,518764,2013,R,Donovan Hand,2015
Hanrahan,Joel,2186,430629,2007,R,Joel Hanrahan,2013
Hansen,Craig,4798,475022,2005,R,Craig Hansen,2009
Hanson,Tommy,9129,462102,2009,R,Tommy Hanson,2013
Happ,J. a.,7410,457918,2007,L,J. a. Happ,2021
Harang,Aaron,1451,421685,2002,R,Aaron Harang,2015
Harden,Rich,1772,425848,2003,R,Rich Harden,2011
Hardy,Blaine,6499,543278,2014,L,Blaine Hardy,2019
Haren,Dan,1757,429717,2003,R,Dan Haren,2015
Harper,Ryne,12680,607560,2019,R,Ryne Harper,2021
Harrell,Lucas,7541,449173,2010,R,Lucas Harrell,2017
Harris,Will,3192,501789,2012,R,Will Harris,2021
Harrison,Matt,5551,457448,2008,L,Matt Harrison,2015
Hart,Donnie,15306,643354,2016,L,Donnie Hart,2019
Hart,Kevin,8079,453954,2007,R,Kevin Hart,2009
Hartlieb,Geoff,19558,664129,2019,R,Geoff Hartlieb,2020
Harvey,Matt,11713,518774,2012,R,Matt Harvey,2021
Hatcher,Chris,3299,501822,2010,R,Chris Hatcher,2018
Hawkins,Latroy,729,115629,1995,R,Latroy Hawkins,2015
Hawksworth,Blake,8963,458003,2009,R,Blake Hawksworth,2011
Heaney,Andrew,15423,571760,2014,L,Andrew Heaney,2021
Hefner,Jeremy,1989,458550,2012,R,Jeremy Hefner,2013
Heilman,Aaron,1751,408310,2003,R,Aaron Heilman,2011
Hellickson,Jeremy,4371,476451,2010,R,Jeremy Hellickson,2019
Helsley,Ryan,18138,664854,2019,R,Ryan Helsley,2021
Hembree,Heath,11632,592390,2013,R,Heath Hembree,2021
Henderson,Jim,6653,449104,2012,R,Jim Henderson,2016
Hendricks,Kyle,12049,543294,2014,R,Kyle Hendricks,2021
Hendrickson,Mark,1574,424805,2002,L,Mark Hendrickson,2011
Hendriks,Liam,3548,521230,2011,R,Liam Hendriks,2021
Hensley,Clay,4593,454535,2005,R,Clay Hensley,2012
Herges,Matt,780,150382,1999,R,Matt Herges,2009
Hernandez,Darwinzon,19848,650382,2019,L,Darwinzon Hernandez,2021
Hernandez,David,4259,456696,2009,R,David Hernandez,2019
Hernandez,Elieser,16933,622694,2018,R,Elieser Hernandez,2021
Hernandez,Felix,4772,433587,2005,R,Felix Hernandez,2019
Hernández,Liván,1116,115817,1996,R,Liván Hernández,2012
Hernandez,Pedro,4578,517060,2012,L,Pedro Hernandez,2014
Hernandez,Roberto,3273,433584,2006,R,Roberto Hernandez,2016
Herndon,David,9264,458589,2010,R,David Herndon,2012
Herrera,Danny,4552,502609,2008,L,Danny Herrera,2011
Herrera,Kelvin,6033,516969,2011,R,Kelvin Herrera,2020
Herrmann,Frank,7960,497807,2010,R,Frank Herrmann,2016
Hess,David,16130,605276,2018,R,David Hess,2020
Heston,Chris,10302,518790,2014,R,Chris Heston,2017
Hicks,Jordan,19618,663855,2018,R,Jordan Hicks,2021
Hildenberger,Trevor,17002,657610,2017,R,Trevor Hildenberger,2021
Hill,Rich,4806,448179,2005,L,Rich Hill,2021
Hill,Shawn,1882,429718,2004,R,Shawn Hill,2012
Hill,Tim,16814,657612,2018,L,Tim Hill,2021
Hinshaw,Alex,3941,450527,2008,L,Alex Hinshaw,2012
Hirano,Yoshihisa,19756,673633,2018,R,Yoshihisa Hirano,2020
Hochevar,Luke,6943,460024,2007,R,Luke Hochevar,2016
Hoffman,Jeff,17432,656546,2016,R,Jeff Hoffman,2021
Hoffman,Trevor,1035,116034,1993,R,Trevor Hoffman,2010
Holder,Jonathan,16588,656547,2016,R,Jonathan Holder,2020
Holland,Derek,4141,502706,2009,L,Derek Holland,2021
Holland,Greg,7196,518813,2010,R,Greg Holland,2021
Holmberg,David,7725,571787,2013,L,David Holmberg,2017
Holmes,Clay,13649,605280,2018,R,Clay Holmes,2021
Hoover,J. j.,9037,543331,2012,R,J. j. Hoover,2018
Horst,Jeremy,596,456662,2011,L,Jeremy Horst,2013
House,T. j.,9121,543334,2014,L,T. j. House,2017
Houser,Adrian,12718,605288,2015,R,Adrian Houser,2021
Howard,Sam,16265,607572,2018,L,Sam Howard,2021
Howell,J. p.,8245,434442,2005,L,J. p. Howell,2017
Howry,Bob,237,133982,1998,R,Bob Howry,2010
Hoyt,James,14605,624586,2016,R,James Hoyt,2021
Hudson,Dakota,19206,641712,2018,R,Dakota Hudson,2020
Hudson,Daniel,7146,543339,2009,R,Daniel Hudson,2021
Hudson,Tim,921,218596,1999,R,Tim Hudson,2015
Huff,David,4257,453307,2009,L,David Huff,2016
Hughes,Dusty,6164,458250,2009,L,Dusty Hughes,2011
Hughes,Jared,9325,453172,2011,R,Jared Hughes,2020
Hughes,Phil,7450,461833,2007,R,Phil Hughes,2018
Humber,Philip,8586,458950,2006,R,Philip Humber,2013
Hunter,Tommy,1157,488984,2008,R,Tommy Hunter,2021
Hutchison,Drew,10732,571800,2012,R,Drew Hutchison,2018
Igarashi,Ryota,10232,579799,2010,R,Ryota Igarashi,2012
Iglesias,Raisel,17130,628452,2015,R,Raisel Iglesias,2021
Infante,Greg,9119,500872,2010,R,Greg Infante,2018
Irvin,Cole,19244,608344,2019,L,Cole Irvin,2021
Isringhausen,Jason,1158,116414,1995,R,Jason Isringhausen,2012
Iwakuma,Hisashi,13048,547874,2012,R,Hisashi Iwakuma,2017
Jackson,Edwin,1841,429719,2003,R,Edwin Jackson,2019
Jackson,Luke,11752,592426,2015,R,Luke Jackson,2021
Jackson,Steven,7341,452259,2009,R,Steven Jackson,2010
Jackson,Zach,8356,435638,2006,L,Zach Jackson,2009
Jakubauskas,Chris,7831,499856,2009,R,Chris Jakubauskas,2011
James,Josh,16794,657624,2018,R,Josh James,2020
Jansen,Kenley,3096,445276,2010,R,Kenley Jansen,2021
Janssen,Casey,7355,445163,2006,R,Casey Janssen,2015
Jeffress,Jeremy,9490,502026,2010,R,Jeremy Jeffress,2020
Jenkins,Chad,10326,554432,2012,R,Chad Jenkins,2015
Jenkins,Tyrell,11378,592433,2016,R,Tyrell Jenkins,2016
Jenks,Bobby,8645,408057,2005,R,Bobby Jenks,2011
Jennings,Dan,8073,543359,2012,L,Dan Jennings,2019
Jennings,Jason,434,407298,2001,R,Jason Jennings,2009
Jepsen,Kevin,6475,448178,2008,R,Kevin Jepsen,2018
Jimenez,Cesar,3762,462945,2006,L,Cesar Jimenez,2015
Jimenez,Joe,15761,641729,2017,R,Joe Jimenez,2021
Jimenez,Ubaldo,3374,434622,2006,R,Ubaldo Jimenez,2017
Johnson,Brian,14272,598271,2015,L,Brian Johnson,2019
Johnson,Erik,12520,605304,2013,R,Erik Johnson,2016
Johnson,Jim,3656,462382,2006,R,Jim Johnson,2018
Johnson,Josh,4567,435178,2005,R,Josh Johnson,2013
Johnson,Pierce,13435,572955,2017,R,Pierce Johnson,2021
Johnson,Randy,60,116615,1988,L,Randy Johnson,2009
Johnson,Steve,4053,489002,2012,R,Steve Johnson,2016
Jones,Nate,4696,518858,2012,R,Nate Jones,2021
Jordan,Taylor,10466,518863,2013,R,Taylor Jordan,2015
Jungmann,Taylor,13119,543380,2015,R,Taylor Jungmann,2017
Junis,Jakob,13619,596001,2017,R,Jakob Junis,2021
Jurado,Ariel,17030,642558,2018,R,Ariel Jurado,2020
Jurrjens,Jair,5556,457453,2007,R,Jair Jurrjens,2014
Kahnle,Tommy,11384,592454,2014,R,Tommy Kahnle,2020
Karns,Nate,12638,501992,2013,R,Nate Karns,2019
Karstens,Jeff,5879,444371,2006,R,Jeff Karstens,2012
Kawakami,Kenshin,9225,499877,2009,R,Kenshin Kawakami,2010
Kazmir,Scott,4897,431148,2004,L,Scott Kazmir,2016
Kela,Keone,14696,605309,2015,R,Keone Kela,2021
Keller,Brad,15734,641745,2018,R,Brad Keller,2021
Keller,Mitch,17594,656605,2019,R,Mitch Keller,2021
Kelley,Shawn,7773,518875,2009,R,Shawn Kelley,2019
Kelly,Casey,9174,543391,2012,R,Casey Kelly,2018
Kelly,Joe,9761,523260,2012,R,Joe Kelly,2021
Kelly,Merrill,11156,518876,2019,R,Merrill Kelly,2021
Kendrick,Kyle,6230,452718,2007,R,Kyle Kendrick,2017
Kennedy,Ian,6986,453178,2007,R,Ian Kennedy,2021
Kensing,Logan,6166,434137,2004,R,Logan Kensing,2016
Keppel,Bobby,2229,430670,2006,R,Bobby Keppel,2009
Kershaw,Clayton,2036,477132,2008,L,Clayton Kershaw,2021
Keuchel,Dallas,9434,572971,2012,L,Dallas Keuchel,2021
Kikuchi,Yusei,20633,579328,2019,L,Yusei Kikuchi,2021
Kimbrel,Craig,6655,518886,2010,R,Craig Kimbrel,2021
Kingham,Nick,11694,592468,2018,R,Nick Kingham,2019
Kinley,Tyler,18297,641755,2018,R,Tyler Kinley,2021
Kinney,Josh,3638,448337,2006,R,Josh Kinney,2012
Kintzler,Brandon,9939,445213,2010,R,Brandon Kintzler,2021
Kirkman,Michael,9877,457779,2010,L,Michael Kirkman,2016
Kittredge,Andrew,12828,552640,2017,R,Andrew Kittredge,2021
Klein,Phil,12675,607309,2014,R,Phil Klein,2016
Kluber,Corey,2429,446372,2011,R,Corey Kluber,2021
Knebel,Corey,15010,608349,2014,R,Corey Knebel,2021
Kobayashi,Masahide,3276,493131,2008,R,Masahide Kobayashi,2009
Koch,Matt,13420,571863,2016,R,Matt Koch,2019
Koehler,Tom,6570,543408,2012,R,Tom Koehler,2017
Kohn,Michael,8505,543409,2010,R,Michael Kohn,2015
Kolarek,Adam,10843,592473,2017,L,Adam Kolarek,2021
Kontos,George,9486,502004,2011,R,George Kontos,2018
Krol,Ian,10066,571871,2013,L,Ian Krol,2018
Kuhl,Chad,14975,641771,2016,R,Chad Kuhl,2021
Kuo,Hung-chih,7016,425539,2005,L,Hung-chih Kuo,2011
Kuroda,Hiroki,3283,493133,2008,R,Hiroki Kuroda,2014
Lackey,John,1507,407793,2002,R,John Lackey,2017
Laffey,Aaron,6248,444836,2007,L,Aaron Laffey,2015
Lakins,Travis,18600,664042,2019,R,Travis Lakins,2021
Lamb,John,8493,543424,2015,L,John Lamb,2018
Lambert,Peter,17969,663567,2019,R,Peter Lambert,2019
Lamet,Dinelson,17186,659275,2017,R,Dinelson Lamet,2021
Lannan,John,7080,458709,2007,L,John Lannan,2014
Latos,Mat,3815,502009,2009,R,Mat Latos,2017
Lauer,Eric,19316,641778,2018,L,Eric Lauer,2021
Law,Derek,13133,571882,2016,R,Derek Law,2021
Lawrence,Casey,11121,596271,2017,R,Casey Lawrence,2018
Layne,Tommy,7501,518927,2012,L,Tommy Layne,2017
League,Brandon,3731,434181,2004,R,Brandon League,2014
Leake,Mike,10130,502190,2010,R,Mike Leake,2019
Leblanc,Wade,5221,453281,2008,L,Wade Leblanc,2021
Leclerc,Jose,14524,600917,2016,R,Jose Leclerc,2020
Lecure,Sam,4664,459967,2010,R,Sam Lecure,2015
Ledezma,Wil,1669,425656,2003,L,Wil Ledezma,2011
Lee,Cliff,1636,424324,2002,L,Cliff Lee,2014
Lehr,Justin,2163,430680,2004,R,Justin Lehr,2009
Leiter,Mark,15551,643410,2017,R,Mark Leiter,2018
Leone,Dominic,13763,608678,2014,R,Dominic Leone,2020
Leroux,Chris,7645,460092,2009,R,Chris Leroux,2014
Lester,Jon,4930,452657,2006,L,Jon Lester,2021
Lewicki,Artie,16731,592499,2017,R,Artie Lewicki,2020
Lewis,Colby,1259,407890,2002,R,Colby Lewis,2016
Lewis,Jensen,3384,460029,2007,R,Jensen Lewis,2010
Liberatore,Adam,10637,571893,2015,L,Adam Liberatore,2018
Lidge,Brad,563,400058,2002,R,Brad Lidge,2012
Lilly,Ted,833,150404,1999,L,Ted Lilly,2013
Lincecum,Tim,5705,453311,2007,R,Tim Lincecum,2016
Lincoln,Brad,4241,453184,2010,R,Brad Lincoln,2014
Lincoln,Mike,1457,150221,1999,R,Mike Lincoln,2010
Lindblom,Josh,7882,458676,2011,R,Josh Lindblom,2021
Lindstrom,Matt,4604,434637,2007,R,Matt Lindstrom,2014
Linebrink,Scott,564,276530,2000,R,Scott Linebrink,2011
Liriano,Francisco,3201,434538,2005,L,Francisco Liriano,2019
Litsch,Jesse,3688,446209,2007,R,Jesse Litsch,2011
Littell,Zack,15823,641793,2018,R,Zack Littell,2021
Lively,Ben,14932,594902,2017,R,Ben Lively,2019
Liz,Radhames,5843,467785,2007,R,Radhames Liz,2015
Loaisiga,Jonathan,19753,642528,2018,R,Jonathan Loaisiga,2021
Lobstein,Kyle,9178,543456,2014,L,Kyle Lobstein,2016
Locke,Jeff,2929,502046,2011,L,Jeff Locke,2017
Lockett,Walker,13804,621141,2018,R,Walker Lockett,2020
Loe,Kameron,4422,434180,2004,R,Kameron Loe,2013
Logan,Boone,5525,457429,2006,L,Boone Logan,2018
Lohse,Kyle,739,346798,2001,R,Kyle Lohse,2016
Looper,Braden,526,131702,1998,R,Braden Looper,2009
Lopez,Aquilino,1671,425658,2003,R,Aquilino Lopez,2008
Lopez,Javier,1663,425657,2003,L,Javier Lopez,2016
Lopez,Jorge,14527,605347,2015,R,Jorge Lopez,2021
Lopez,Pablo,17085,641154,2018,R,Pablo Lopez,2021
Lopez,Reynaldo,16400,625643,2016,R,Reynaldo Lopez,2020
Lopez,Rodrigo,150,150438,2000,R,Rodrigo Lopez,2012
Lopez,Wilton,4227,446641,2009,R,Wilton Lopez,2014
López,Yoan,17181,661255,2018,R,Yoan López,2021
Lorenzen,Michael,14843,547179,2015,R,Michael Lorenzen,2020
Loup,Aaron,10343,571901,2012,L,Aaron Loup,2021
Loux,Shane,1613,400076,2002,R,Shane Loux,2012
Lowe,Derek,199,117955,1997,R,Derek Lowe,2013
Lowe,Mark,7416,450275,2006,R,Mark Lowe,2016
Lucchesi,Joey,19320,664192,2018,L,Joey Lucchesi,2021
Luebke,Cory,1984,458537,2010,L,Cory Luebke,2016
Lueke,Josh,5722,518961,2011,R,Josh Lueke,2014
Luetge,Lucas,8337,476595,2012,L,Lucas Luetge,2021
Lugo,Seth,12447,607625,2016,R,Seth Lugo,2020
Luzardo,Jesus,19959,666200,2019,L,Jesus Luzardo,2021
Lyles,Jordan,7593,543475,2011,R,Jordan Lyles,2021
Lynn,Lance,2520,458681,2011,R,Lance Lynn,2021
Lyon,Brandon,1312,407193,2001,R,Brandon Lyon,2013
Lyons,Tyler,11334,544928,2013,L,Tyler Lyons,2020
Macdougal,Mike,612,213680,2001,R,Mike Macdougal,2012
Machi,Jean,3220,466948,2012,R,Jean Machi,2017
Maddux,Greg,104,118120,1986,R,Greg Maddux,2008
Madson,Ryan,1852,425492,2003,R,Ryan Madson,2018
Maeda,Kenta,18498,628317,2016,R,Kenta Maeda,2021
Magill,Matt,3950,543483,2013,R,Matt Magill,2020
Mahay,Ron,290,118158,1995,L,Ron Mahay,2010
Mahle,Tyler,16358,641816,2017,R,Tyler Mahle,2021
Maholm,Paul,8678,430904,2005,L,Paul Maholm,2014
Maine,John,4773,429720,2004,R,John Maine,2013
Maloney,Matt,9920,476011,2009,L,Matt Maloney,2012
Manaea,Sean,15873,640455,2016,L,Sean Manaea,2021
Maness,Seth,12235,595307,2013,R,Seth Maness,2017
Manship,Jeff,6865,453249,2009,R,Jeff Manship,2016
Marcum,Shaun,6204,451788,2005,R,Shaun Marcum,2015
Margevicius,Nick,20395,676606,2019,L,Nick Margevicius,2021
Marinez,Jhan,5830,501697,2010,R,Jhan Marinez,2018
Marmol,Carlos,2790,461791,2006,R,Carlos Marmol,2014
Marquez,German,15038,608566,2016,R,German Marquez,2021
Marquis,Jason,105,150302,2000,R,Jason Marquis,2015
Marshall,Evan,12297,605359,2014,R,Evan Marshall,2021
Marshall,Sean,5905,445156,2006,L,Sean Marshall,2014
Marte,Damaso,247,150122,1999,L,Damaso Marte,2010
Marte,Victor,5158,469690,2009,R,Victor Marte,2013
Martes,Francis,17303,642564,2017,R,Francis Martes,2017
Martin,Brett,17369,656685,2019,L,Brett Martin,2021
Martin,Chris,11847,455119,2014,R,Chris Martin,2021
Martin,Cody,12182,592533,2015,R,Cody Martin,2017
Martin,J. d.,3685,455605,2009,R,J. d. Martin,2010
Martinez,Carlos,11682,593372,2013,R,Carlos Martinez,2021
Martinez,Cristhian,5337,450852,2009,R,Cristhian Martinez,2013
Martinez,Joe,3935,458155,2009,R,Joe Martinez,2013
Martinez,Nick,12730,607259,2014,R,Nick Martinez,2017
Martinez,Pedro,200,118377,1992,R,Pedro Martinez,2009
Martis,Shairon,6781,463017,2008,R,Shairon Martis,2013
Masset,Nick,7267,434665,2006,R,Nick Masset,2015
Masterson,Justin,2038,475416,2008,R,Justin Masterson,2015
Mateo,Marcos,6869,456496,2010,R,Marcos Mateo,2015
Mathis,Doug,3944,450545,2008,R,Doug Mathis,2010
Maton,Phil,18064,664208,2017,R,Phil Maton,2021
Matsuzaka,Daisuke,7775,493137,2007,R,Daisuke Matsuzaka,2014
Mattheus,Ryan,7169,458919,2011,R,Ryan Mattheus,2015
Matusz,Brian,2646,451085,2009,L,Brian Matusz,2016
Matz,Steven,13361,571927,2015,L,Steven Matz,2021
Matzek,Tyler,10058,554431,2014,L,Tyler Matzek,2021
Maurer,Brandon,4878,543506,2013,R,Brandon Maurer,2018
May,Dustin,19716,669160,2019,R,Dustin May,2021
May,Trevor,6398,543507,2014,R,Trevor May,2021
Maya,Yunesky,11420,493337,2010,R,Yunesky Maya,2013
Mayers,Mike,15451,594577,2016,R,Mike Mayers,2021
Mayza,Tim,15042,641835,2017,L,Tim Mayza,2021
Mazza,Chris,14151,607391,2019,R,Chris Mazza,2021
Mazzaro,Vin,5231,476570,2009,R,Vin Mazzaro,2016
Mcallister,Zach,2895,502083,2011,R,Zach Mcallister,2018
Mccarthy,Brandon,4662,435221,2005,R,Brandon Mccarthy,2018
Mccarthy,Kevin,15240,641838,2016,R,Kevin Mccarthy,2020
Mcclellan,Kyle,4845,449072,2008,R,Kyle Mcclellan,2013
Mcclung,Seth,1657,425528,2003,R,Seth Mcclung,2009
Mccullers,Lance,14120,621121,2015,R,Lance Mccullers,2021
Mccutchen,Daniel,263,445216,2009,R,Daniel Mccutchen,2014
Mcdonald,James,5523,457428,2008,R,James Mcdonald,2013
Mcfarland,T. j.,3237,519008,2013,L,T. j. Mcfarland,2020
Mcgee,Jake,7550,459429,2010,L,Jake Mcgee,2021
Mcgowan,Dustin,8600,430661,2005,R,Dustin Mcgowan,2017
Mcguire,Deck,11596,592547,2017,R,Deck Mcguire,2018
Mchugh,Collin,7531,543521,2012,R,Collin Mchugh,2021
Means,John,16269,607644,2018,L,John Means,2021
Meche,Gil,1089,219194,1999,R,Gil Meche,2010
Medders,Brandon,8604,430665,2005,R,Brandon Medders,2010
Medina,Yoervis,10498,500721,2013,R,Yoervis Medina,2015
Medlen,Kris,9417,450665,2009,R,Kris Medlen,2018
Meek,Evan,5109,457425,2008,R,Evan Meek,2014
Mejia,Adalberto,13188,606167,2016,L,Adalberto Mejia,2019
Mejia,Jenrry,8476,516769,2010,R,Jenrry Mejia,2015
Melancon,Mark,4264,453343,2009,R,Mark Melancon,2021
Mendoza,Luis,3126,434669,2007,R,Luis Mendoza,2013
Mengden,Daniel,16980,596043,2016,R,Daniel Mengden,2020
Meredith,Cla,7613,448592,2005,R,Cla Meredith,2010
Meyer,Alex,12833,543542,2015,R,Alex Meyer,2017
Meyer,Dan,4402,434159,2004,L,Dan Meyer,2010
Middleton,Keynan,15264,641871,2017,R,Keynan Middleton,2021
Mijares,Jose,4140,467726,2008,L,Jose Mijares,2013
Mikolas,Miles,9803,571945,2012,R,Miles Mikolas,2019
Miley,Wade,8779,489119,2011,L,Wade Miley,2021
Miller,Andrew,6785,453192,2006,L,Andrew Miller,2021
Miller,Jim,7458,461848,2008,R,Jim Miller,2014
Miller,Justin,8580,502522,2014,R,Justin Miller,2019
Miller,Justin,1313,277405,2002,R,Justin Miller,2010
Miller,Shelby,10197,571946,2012,R,Shelby Miller,2021
Miller,Trever,1672,119125,1996,L,Trever Miller,2011
Mills,Alec,13834,621219,2016,R,Alec Mills,2021
Mills,Brad,4420,502166,2009,L,Brad Mills,2015
Millwood,Kevin,106,119154,1997,R,Kevin Millwood,2012
Milner,Hoby,13346,571948,2017,L,Hoby Milner,2020
Milone,Tommy,7608,543548,2011,L,Tommy Milone,2021
Minaya,Juan,10341,573668,2016,R,Juan Minaya,2019
Miner,Zach,3193,435261,2006,R,Zach Miner,2013
Minor,Mike,10021,501985,2010,L,Mike Minor,2021
Minter,A. j.,18655,621345,2017,L,A. j. Minter,2021
Miranda,Ariel,17526,664641,2016,L,Ariel Miranda,2018
Misch,Pat,5909,435619,2006,L,Pat Misch,2011
Mitchell,Bryan,11479,571951,2014,R,Bryan Mitchell,2018
Mitre,Sergio,1773,429901,2003,R,Sergio Mitre,2011
Mock,Garrett,7335,452241,2008,R,Garrett Mock,2010
Moehler,Brian,480,119215,1996,R,Brian Moehler,2010
Monasterios,Carlos,2506,467856,2010,R,Carlos Monasterios,2010
Montas,Frankie,14309,593423,2015,R,Frankie Montas,2021
Montero,Rafael,12760,606160,2014,R,Rafael Montero,2021
Montgomery,Jordan,16511,656756,2017,L,Jordan Montgomery,2021
Montgomery,Mike,4869,543557,2015,L,Mike Montgomery,2020
Moore,Andrew,17553,621058,2017,R,Andrew Moore,2019
Moore,Matt,1890,519043,2011,L,Matt Moore,2021
Morales,Franklin,5088,462985,2007,L,Franklin Morales,2016
Morgan,Adam,12580,605388,2015,L,Adam Morgan,2020
Morin,Mike,13442,573046,2014,R,Mike Morin,2020
Moronta,Reyes,14966,606625,2017,R,Reyes Moronta,2021
Morris,Bryan,10234,457768,2012,R,Bryan Morris,2017
Morrow,Brandon,9346,453344,2007,R,Brandon Morrow,2018
Mortensen,Clayton,3166,489150,2009,R,Clayton Mortensen,2013
Morton,Charlie,4676,450203,2008,R,Charlie Morton,2021
Moscoso,Guillermo,5106,446861,2009,R,Guillermo Moscoso,2013
Moseley,Dustin,7060,400291,2006,R,Dustin Moseley,2012
Mota,Guillermo,1467,150407,1999,R,Guillermo Mota,2012
Motte,Jason,5861,435400,2008,R,Jason Motte,2017
Moyer,Jamie,1091,119469,1986,L,Jamie Moyer,2012
Moylan,Peter,4891,493247,2006,R,Peter Moylan,2018
Mujica,Edward,3970,465629,2006,R,Edward Mujica,2017
Musgrave,Harrison,16532,643466,2018,L,Harrison Musgrave,2019
Musgrove,Joe,12970,605397,2016,R,Joe Musgrove,2021
Mussina,Mike,837,119608,1991,R,Mike Mussina,2008
Myers,Brett,962,408206,2002,R,Brett Myers,2013
Narveson,Chris,2141,429780,2006,L,Chris Narveson,2016
Nathan,Joe,1122,150274,1999,R,Joe Nathan,2016
Neal,Zach,11294,594943,2016,R,Zach Neal,2018
Nelson,Jimmy,10547,519076,2013,R,Jimmy Nelson,2021
Nelson,Joe,108,406874,2001,R,Joe Nelson,2010
Neris,Hector,11804,593576,2014,R,Hector Neris,2021
Neshek,Pat,4682,450212,2006,R,Pat Neshek,2019
Neverauskas,Dovydas,11604,596720,2017,R,Dovydas Neverauskas,2020
Newberry,Jake,15136,623470,2018,R,Jake Newberry,2021
Newcomb,Sean,16943,656794,2017,L,Sean Newcomb,2021
Ni,Fu-te,4199,547820,2009,L,Fu-te Ni,2010
Nicasio,Juan,7731,504379,2011,R,Juan Nicasio,2020
Nicolino,Justin,11754,592593,2015,L,Justin Nicolino,2017
Niemann,Jeff,8591,435298,2008,R,Jeff Niemann,2012
Niese,Jonathon,4424,477003,2008,L,Jonathon Niese,2016
Nieve,Fernando,2173,430588,2006,R,Fernando Nieve,2010
Nippert,Dustin,4426,430962,2005,R,Dustin Nippert,2010
Noesi,Hector,3292,456051,2011,R,Hector Noesi,2019
Nola,Aaron,16149,605400,2015,R,Aaron Nola,2021
Nolasco,Ricky,3830,445060,2006,R,Ricky Nolasco,2017
Norberto,Jordan,8432,467099,2010,L,Jordan Norberto,2012
Norris,Bud,9492,502032,2009,R,Bud Norris,2018
Norris,Daniel,13475,596057,2014,L,Daniel Norris,2021
Nova,Ivan,1994,467100,2010,R,Ivan Nova,2020
Nuno,Vidal,9674,573064,2013,L,Vidal Nuno,2018
O'day,Darren,3321,503285,2008,R,Darren O'day,2021
O'flaherty,Eric,5746,447714,2006,L,Eric O'flaherty,2017
O'sullivan,Sean,9137,457711,2009,R,Sean O'sullivan,2016
Oberg,Scott,13911,623184,2015,R,Scott Oberg,2019
Oberholtzer,Brett,3855,519085,2013,L,Brett Oberholtzer,2016
Odorizzi,Jake,6397,543606,2012,R,Jake Odorizzi,2021
Ogando,Alexi,10261,468396,2010,R,Alexi Ogando,2018
Oh,Seunghwan,18719,493200,2016,R,Seunghwan Oh,2019
Ohka,Tomo,788,219594,1999,R,Tomo Ohka,2009
Ohlendorf,Ross,8268,456027,2007,R,Ross Ohlendorf,2016
Ohman,Will,296,349193,2000,L,Will Ohman,2012
Ohtani,Shohei,19755,660271,2018,R,Shohei Ohtani,2021
Okajima,Hideki,7763,506606,2007,L,Hideki Okajima,2013
Oliver,Darren,206,119984,1993,L,Darren Oliver,2013
Olsen,Scott,4529,435179,2005,L,Scott Olsen,2010
Olson,Garrett,9889,457796,2007,L,Garrett Olson,2012
Olson,Tyler,14741,621397,2015,L,Tyler Olson,2019
Ondrusek,Logan,3677,446185,2010,R,Logan Ondrusek,2016
Ortiz,Ramon,27,150009,1999,R,Ramon Ortiz,2013
Ortiz,Russ,1124,133460,1998,R,Russ Ortiz,2010
Osich,Josh,11528,592612,2015,L,Josh Osich,2020
Osoria,Franquelis,2860,434701,2005,R,Franquelis Osoria,2008
Osuna,Roberto,13764,532077,2015,R,Roberto Osuna,2020
Oswalt,Corey,13677,621261,2018,R,Corey Oswalt,2020
Oswalt,Roy,571,400061,2001,R,Roy Oswalt,2013
Otero,Dan,7385,519096,2012,R,Dan Otero,2019
Ottavino,Adam,1247,493603,2010,R,Adam Ottavino,2021
Outman,Josh,4004,489189,2008,L,Josh Outman,2014
Oviedo,Juan carlos,2886,434663,2005,R,Juan carlos Oviedo,2014
Owens,Henry,13143,596064,2015,L,Henry Owens,2016
Owings,Micah,4253,452249,2007,R,Micah Owings,2012
Paddack,Chris,20099,663978,2019,R,Chris Paddack,2021
Padilla,Vicente,964,218894,1999,R,Vicente Padilla,2012
Pagan,Emilio,14771,641941,2017,R,Emilio Pagan,2021
Palmer,Matt,4457,461212,2008,R,Matt Palmer,2012
Pannone,Thomas,17281,623381,2018,L,Thomas Pannone,2019
Papelbon,Jonathan,5975,449097,2005,R,Jonathan Papelbon,2016
Park,Chan ho,1267,120221,1994,R,Chan ho Park,2010
Parker,Blake,5224,453284,2012,R,Blake Parker,2020
Parker,Jarrod,4913,519105,2011,R,Jarrod Parker,2013
Parnell,Bobby,9926,458730,2008,R,Bobby Parnell,2016
Parra,Manny,4279,448159,2007,L,Manny Parra,2015
Patton,Spencer,12361,607359,2014,R,Spencer Patton,2016
Patton,Troy,8368,461856,2007,L,Troy Patton,2014
Pauley,David,3625,456102,2006,R,David Pauley,2012
Paulino,Felipe,3777,462956,2007,R,Felipe Paulino,2014
Pavano,Carl,790,134321,1998,R,Carl Pavano,2012
Paxton,James,11828,572020,2013,L,James Paxton,2021
Pazos,James,13323,572021,2015,L,James Pazos,2020
Peacock,Brad,5401,502748,2011,R,Brad Peacock,2020
Peavy,Jake,1051,408241,2002,R,Jake Peavy,2016
Pelfrey,Mike,5203,460059,2006,R,Mike Pelfrey,2017
Pena,Felix,13403,570240,2016,R,Felix Pena,2021
Pena,Tony,4573,430963,2006,R,Tony Pena,2011
Penny,Brad,535,207267,2000,R,Brad Penny,2014
Peralta,Freddy,18679,642547,2018,R,Freddy Peralta,2021
Peralta,Joel,2332,407908,2005,R,Joel Peralta,2016
Peralta,Wandy,14295,593974,2016,L,Wandy Peralta,2021
Peralta,Wily,7738,503449,2012,R,Wily Peralta,2019
Percival,Troy,29,120401,1995,R,Troy Percival,2009
Perdomo,Luis,14682,606131,2016,R,Luis Perdomo,2020
Perdomo,Luis,5380,466412,2009,R,Luis Perdomo,2012
Perez,Chris,5213,453198,2008,R,Chris Perez,2014
Perez,Luis,6389,469802,2011,L,Luis Perez,2013
Perez,Martin,6902,527048,2012,L,Martin Perez,2021
Perez,Odalis,668,136602,1998,L,Odalis Perez,2008
Perez,Oliver,1514,424144,2002,L,Oliver Perez,2021
Perez,Rafael,4078,460370,2006,L,Rafael Perez,2012
Perez,Williams,11592,554234,2015,R,Williams Perez,2016
Perkins,Glen,8041,450282,2006,L,Glen Perkins,2017
Perry,Ryan,8799,543634,2009,R,Ryan Perry,2012
Pestano,Vinnie,4782,502260,2010,R,Vinnie Pestano,2015
Peters,Dillon,18790,596071,2017,L,Dillon Peters,2020
Petit,Yusmeiro,4020,433589,2006,R,Yusmeiro Petit,2021
Petricka,Jake,10534,502593,2013,R,Jake Petricka,2019
Pettibone,Jonathan,7106,543643,2013,R,Jonathan Pettibone,2014
Pettitte,Andy,840,120485,1995,L,Andy Pettitte,2013
Phelps,David,6316,475479,2012,R,David Phelps,2021
Phillips,Evan,17734,623465,2018,R,Evan Phillips,2020
Pimentel,Stolmy,6415,516935,2013,R,Stolmy Pimentel,2015
Pineda,Michael,5372,501381,2011,R,Michael Pineda,2021
Pineiro,Joel,1094,334492,2000,R,Joel Pineiro,2011
Pino,Yohan,6955,464416,2014,R,Yohan Pino,2015
Pinto,Renyel,2180,430594,2006,L,Renyel Pinto,2010
Pivetta,Nick,15454,601713,2017,R,Nick Pivetta,2021
Plesac,Zach,19979,668676,2019,R,Zach Plesac,2021
Plutko,Adam,15846,592644,2016,R,Adam Plutko,2021
Poche,Colin,19403,621363,2019,L,Colin Poche,2019
Pomeranz,Drew,11426,519141,2011,L,Drew Pomeranz,2021
Ponce de leon,Daniel,16110,594965,2018,R,Daniel Ponce de leon,2021
Ponson,Sidney,161,132260,1998,R,Sidney Ponson,2009
Porcello,Rick,2717,519144,2009,R,Rick Porcello,2020
Pressly,Ryan,7005,519151,2013,R,Ryan Pressly,2021
Price,David,3184,456034,2008,L,David Price,2021
Proctor,Scott,1911,429984,2004,R,Scott Proctor,2011
Pruitt,Austin,15290,643493,2017,R,Austin Pruitt,2019
Purcey,David,8360,453515,2008,L,David Purcey,2013
Putnam,Zach,9080,474029,2011,R,Zach Putnam,2017
Putz,J. j.,1795,407816,2003,R,J. j. Putz,2014
Quackenbush,Kevin,12360,534812,2014,R,Kevin Quackenbush,2018
Qualls,Chad,2170,430589,2004,R,Chad Qualls,2017
Quantrill,Cal,19312,615698,2019,R,Cal Quantrill,2021
Quintana,Jose,11423,500779,2012,L,Jose Quintana,2021
Rainey,Tanner,17610,663432,2018,R,Tanner Rainey,2021
Raley,Brooks,10061,548384,2012,L,Brooks Raley,2021
Ramirez,Edwar,4830,469735,2007,R,Edwar Ramirez,2010
Ramirez,Erasmo,10314,541640,2012,R,Erasmo Ramirez,2020
Ramirez,Horacio,110,400141,2003,L,Horacio Ramirez,2011
Ramirez,J. c.,8302,500724,2013,R,J. c. Ramirez,2019
Ramirez,Jose,10171,542432,2014,R,Jose Ramirez,2018
Ramirez,Neil,7677,519166,2014,R,Neil Ramirez,2019
Ramirez,Nick,12575,598286,2019,L,Nick Ramirez,2021
Ramirez,Noe,12800,598287,2015,R,Noe Ramirez,2020
Ramirez,Ramon,7986,430673,2006,R,Ramon Ramirez,2014
Ramirez,Yefry,15655,606162,2018,R,Yefry Ramirez,2019
Ramos,Aj,8350,573109,2012,R,Aj Ramos,2020
Ramos,Cesar,3357,459987,2009,L,Cesar Ramos,2016
Ramos,Edubray,16086,591693,2016,R,Edubray Ramos,2019
Ranaudo,Anthony,11424,519168,2014,R,Anthony Ranaudo,2016
Rapada,Clay,4831,449060,2007,L,Clay Rapada,2013
Rasmus,Cory,2413,474284,2013,R,Cory Rasmus,2016
Rasner,Darrell,4770,434480,2005,R,Darrell Rasner,2008
Rauch,Jon,1475,400010,2002,R,Jon Rauch,2013
Ray,Chris,6315,444884,2005,R,Chris Ray,2011
Ray,Robbie,11486,592662,2014,L,Robbie Ray,2021
Rea,Colin,12317,607067,2015,R,Colin Rea,2020
Redding,Tim,573,400062,2001,R,Tim Redding,2009
Redmond,Todd,9943,445170,2012,R,Todd Redmond,2015
Reed,Addison,10586,592665,2011,R,Addison Reed,2018
Reed,Cody,15232,642003,2016,L,Cody Reed,2021
Reed,Evan,1349,519175,2013,R,Evan Reed,2014
Reid-foley,Sean,17034,656887,2018,R,Sean Reid-foley,2021
Reininger,Zac,15285,643617,2017,R,Zac Reininger,2019
Resop,Chris,3799,434592,2005,R,Chris Resop,2013
Reyes,Alex,15015,621052,2016,R,Alex Reyes,2021
Reyes,Anthony,7105,435039,2005,R,Anthony Reyes,2009
Reyes,Dennys,444,121096,1997,L,Dennys Reyes,2011
Reyes,Jo-jo,5559,457456,2007,L,Jo-jo Reyes,2016
Reynolds,Greg,5712,453353,2008,R,Greg Reynolds,2013
Reynolds,Matt,8887,519186,2010,L,Matt Reynolds,2016
Rhodes,Arthur,1097,121125,1991,L,Arthur Rhodes,2011
Rice,Scott,2743,446488,2013,L,Scott Rice,2014
Richard,Clayton,3551,453385,2008,L,Clayton Richard,2019
Richards,Garrett,9784,572070,2011,R,Garrett Richards,2021
Richards,Trevor,19309,670950,2018,R,Trevor Richards,2021
Richmond,Scott,4307,446341,2008,R,Scott Richmond,2012
Rienzo,Andre,3507,516589,2013,R,Andre Rienzo,2015
Rincon,Juan,752,346799,2001,R,Juan Rincon,2010
Rios,Yacksel,15007,605441,2017,R,Yacksel Rios,2020
Riske,David,402,228594,1999,R,David Riske,2010
Rivera,Mariano,844,121250,1995,R,Mariano Rivera,2013
Rivera,Saul,2027,346800,2006,R,Saul Rivera,2010
Roark,Tanner,8753,543699,2013,R,Tanner Roark,2021
Robertson,David,8241,502085,2008,R,David Robertson,2019
Robertson,Nate,1620,425146,2002,L,Nate Robertson,2010
Robles,Hansel,11801,570663,2015,R,Hansel Robles,2021
Rodney,Fernando,494,407845,2002,R,Fernando Rodney,2019
Rodon,Carlos,16137,607074,2015,L,Carlos Rodon,2021
Rodriguez,Aneury,8948,444553,2011,R,Aneury Rodriguez,2012
Rodriguez,Dereck,14509,605446,2018,R,Dereck Rodriguez,2020
Rodriguez,Eduardo,13164,593958,2015,L,Eduardo Rodriguez,2021
Rodriguez,Fernando,7558,451775,2009,R,Fernando Rodriguez,2016
Rodriguez,Francisco,1642,408061,2002,R,Francisco Rodriguez,2017
Rodriguez,Francisco,6688,477557,2010,R,Francisco Rodriguez,2011
Rodriguez,Henry,6371,469159,2009,R,Henry Rodriguez,2014
Rodriguez,Jefry,17018,622446,2018,R,Jefry Rodriguez,2019
Rodriguez,Joely,11487,570257,2016,L,Joely Rodriguez,2021
Rodriguez,Paco,13398,572089,2012,L,Paco Rodriguez,2015
Rodriguez,Richard,13549,593144,2017,R,Richard Rodriguez,2021
Rodriguez,Wandy,2586,434643,2005,L,Wandy Rodriguez,2015
Roe,Chaz,9866,475054,2013,R,Chaz Roe,2021
Roenicke,Josh,3241,502158,2008,R,Josh Roenicke,2013
Rogers,Esmil,6317,469134,2009,R,Esmil Rogers,2015
Rogers,Kenny,1277,121386,1989,L,Kenny Rogers,2008
Rogers,Taylor,13449,573124,2016,L,Taylor Rogers,2021
Rogers,Tyler,15541,643511,2019,R,Tyler Rogers,2021
Romano,Sal,13690,607219,2017,R,Sal Romano,2021
Romero,Enny,4001,544836,2013,L,Enny Romero,2018
Romero,Fernando,15885,622864,2018,R,Fernando Romero,2019
Romero,J. c.,754,240694,1999,L,J. c. Romero,2012
Romero,Ricky,3403,460069,2009,L,Ricky Romero,2013
Romo,Sergio,9817,489265,2008,R,Sergio Romo,2021
Rondon,Bruce,5766,541652,2013,R,Bruce Rondon,2018
Rondon,Hector,2391,444468,2013,R,Hector Rondon,2020
Rosales,Leo,5618,449820,2008,R,Leo Rosales,2010
Rosario,Randy,14508,600968,2017,L,Randy Rosario,2020
Rosenberg,B. j.,7183,543725,2012,R,B. j. Rosenberg,2014
Rosenthal,Trevor,10745,572096,2012,R,Trevor Rosenthal,2020
Ross,Joe,12972,605452,2015,R,Joe Ross,2021
Ross,Robbie,6819,543726,2012,L,Robbie Ross,2017
Ross,Tyson,7872,475115,2010,R,Tyson Ross,2019
Rosscup,Zac,9419,573127,2013,L,Zac Rosscup,2019
Rowland-smith,Ryan,3245,434884,2007,L,Ryan Rowland-smith,2014
Rucinski,Drew,12499,607968,2014,R,Drew Rucinski,2018
Ruiz,Jose,14552,614179,2017,R,Jose Ruiz,2021
Runzler,Dan,4080,502130,2009,L,Dan Runzler,2017
Rupe,Josh,7206,434666,2005,R,Josh Rupe,2011
Rusch,Glendon,707,121556,1997,L,Glendon Rusch,2009
Rusin,Chris,9895,543734,2012,L,Chris Rusin,2020
Russell,Adam,7334,452240,2008,R,Adam Russell,2011
Russell,James,4089,460701,2010,L,James Russell,2016
Ryan,B. j.,168,124805,1999,L,B. j. Ryan,2009
Ryan,Kyle,11753,594986,2014,L,Kyle Ryan,2021
Ryu,Hyun jin,14444,547943,2013,L,Hyun jin Ryu,2021
Rzepczynski,Marc,6612,519240,2009,L,Marc Rzepczynski,2018
Sabathia,Cc,404,282332,2001,L,Cc Sabathia,2019
Sadler,Casey,11209,594987,2014,R,Casey Sadler,2021
Saito,Takashi,6021,493416,2006,R,Takashi Saito,2012
Salas,Fernando,4971,477569,2010,R,Fernando Salas,2019
Salazar,Danny,5867,517593,2013,R,Danny Salazar,2019
Sale,Chris,10603,519242,2010,L,Chris Sale,2019
Samardzija,Jeff,3254,502188,2008,R,Jeff Samardzija,2020
Sampson,Adrian,13339,592716,2016,R,Adrian Sampson,2019
Sampson,Chris,2651,448200,2006,R,Chris Sampson,2010
Sampson,Keyvius,10039,572102,2015,R,Keyvius Sampson,2016
Sanabia,Alex,5350,502253,2010,R,Alex Sanabia,2013
Sanches,Brian,2739,430083,2006,R,Brian Sanches,2012
Sanchez,Aaron,11490,592717,2014,R,Aaron Sanchez,2021
Sanchez,Anibal,3284,434671,2006,R,Anibal Sanchez,2020
Sanchez,Duaner,1518,400093,2002,R,Duaner Sanchez,2009
Sanchez,Eduardo,2966,500674,2011,R,Eduardo Sanchez,2013
Sanchez,Jonathan,7507,456043,2006,L,Jonathan Sanchez,2013
Sandoval,Patrick,19447,663776,2019,L,Patrick Sandoval,2021
Santana,Edgar,17355,650828,2017,R,Edgar Santana,2021
Santana,Ervin,3200,429722,2005,R,Ervin Santana,2021
Santana,Johan,755,276371,2000,L,Johan Santana,2012
Santiago,Hector,4026,502327,2011,L,Hector Santiago,2019
Santos,Sergio,4734,435045,2010,R,Sergio Santos,2015
Sarfate,Dennis,2174,430610,2006,R,Dennis Sarfate,2009
Saunders,Joe,4366,434578,2005,L,Joe Saunders,2014
Saupold,Warwick,13211,599683,2016,R,Warwick Saupold,2018
Savery,Joe,2835,456045,2011,L,Joe Savery,2014
Scahill,Rob,9286,543746,2012,R,Rob Scahill,2018
Scheppers,Tanner,10267,489294,2012,R,Tanner Scheppers,2017
Scherzer,Max,3137,453286,2008,R,Max Scherzer,2021
Schlereth,Daniel,8739,519259,2009,L,Daniel Schlereth,2012
Schlitter,Brian,3599,489295,2010,R,Brian Schlitter,2019
Schoeneweis,Scott,33,150011,1999,L,Scott Schoeneweis,2010
Schugel,A. j.,11432,519263,2015,R,A. j. Schugel,2017
Schultz,Bo,5028,544759,2014,R,Bo Schultz,2016
Scott,Robby,13042,582494,2016,L,Robby Scott,2019
Scott,Tanner,17586,656945,2017,L,Tanner Scott,2021
Scribner,Evan,7525,519267,2011,R,Evan Scribner,2017
Seay,Bobby,1225,150144,2001,L,Bobby Seay,2009
Seddon,Chris,3833,434629,2007,L,Chris Seddon,2012
Senzatela,Antonio,15488,622608,2017,R,Antonio Senzatela,2021
Severino,Luis,15890,622663,2015,R,Luis Severino,2019
Sewald,Paul,13892,623149,2017,R,Paul Sewald,2020
Shafer,Justin,16132,596101,2018,R,Justin Shafer,2020
Shaw,Bryan,8110,543766,2011,R,Bryan Shaw,2021
Sheets,Ben,710,282656,2001,R,Ben Sheets,2012
Sheffield,Justus,17285,656954,2018,L,Justus Sheffield,2021
Shell,Steven,3681,434579,2008,R,Steven Shell,2009
Sherrill,George,6291,430941,2004,L,George Sherrill,2012
Shields,James,7059,448306,2006,R,James Shields,2018
Shields,Scot,35,276912,2001,R,Scot Shields,2010
Shipley,Braden,15158,640463,2016,R,Braden Shipley,2018
Shoemaker,Matt,4776,533167,2013,R,Matt Shoemaker,2021
Shouse,Brian,630,122195,1993,L,Brian Shouse,2009
Shreve,Chasen,10855,592741,2014,L,Chasen Shreve,2020
Siegrist,Kevin,8180,543779,2013,L,Kevin Siegrist,2017
Silva,Carlos,973,400067,2002,R,Carlos Silva,2010
Simon,Alfredo,2155,430580,2008,R,Alfredo Simon,2016
Sims,Lucas,13470,608371,2017,R,Lucas Sims,2021
Sipp,Tony,8280,448609,2009,L,Tony Sipp,2019
Skaggs,Tyler,10190,572140,2012,L,Tyler Skaggs,2019
Skoglund,Eric,16155,607215,2017,L,Eric Skoglund,2019
Slaten,Doug,3107,460657,2006,L,Doug Slaten,2012
Slegers,Aaron,15231,642083,2017,R,Aaron Slegers,2021
Slowey,Kevin,9918,458713,2007,R,Kevin Slowey,2014
Smeltzer,Devin,19487,656970,2019,L,Devin Smeltzer,2021
Smith,Burch,12784,572143,2013,R,Burch Smith,2021
Smith,Caleb,14875,592761,2017,L,Caleb Smith,2021
Smith,Carson,13172,605476,2014,R,Carson Smith,2018
Smith,Chris,4544,434672,2008,R,Chris Smith,2017
Smith,Greg,3455,460105,2008,L,Greg Smith,2010
Smith,Joe,3281,501925,2007,R,Joe Smith,2021
Smith,Jordan,9515,502136,2010,R,Jordan Smith,2011
Smith,Josh,10946,595001,2015,R,Josh Smith,2020
Smith,Will,8048,519293,2012,L,Will Smith,2021
Smoker,Josh,10285,519294,2016,L,Josh Smoker,2018
Smoltz,John,115,122477,1988,R,John Smoltz,2009
Smyly,Drew,11760,592767,2012,L,Drew Smyly,2021
Snell,Blake,13543,605483,2016,L,Blake Snell,2021
Snell,Ian,2227,430636,2004,R,Ian Snell,2010
Socolovich,Miguel,6697,462515,2012,R,Miguel Socolovich,2018
Solis,Sammy,11457,519301,2015,L,Sammy Solis,2018
Sonnanstine,Andy,7667,458567,2007,R,Andy Sonnanstine,2011
Soria,Joakim,6941,465657,2007,R,Joakim Soria,2021
Soriano,Rafael,1100,400089,2002,R,Rafael Soriano,2015
Soroka,Mike,18383,647336,2018,R,Mike Soroka,2020
Sosa,Henry,6936,464400,2011,R,Henry Sosa,2011
Sosa,Jorge,1228,407901,2002,R,Jorge Sosa,2010
Soto,Gregory,19677,642397,2019,L,Gregory Soto,2021
Sowers,Jeremy,9083,460265,2006,L,Jeremy Sowers,2009
Sparkman,Glenn,15200,642098,2017,R,Glenn Sparkman,2020
Speier,Justin,451,133221,1998,R,Justin Speier,2009
Speier,Ryan,3808,434627,2005,R,Ryan Speier,2009
Springer,Russ,1652,122620,1992,R,Russ Springer,2010
Springs,Jeffrey,17677,605488,2018,L,Jeffrey Springs,2021
Stammen,Craig,7274,489334,2009,R,Craig Stammen,2021
Stanek,Ryne,15947,592773,2017,R,Ryne Stanek,2021
Stashak,Cody,18088,664054,2019,R,Cody Stashak,2021
Stauffer,Tim,6432,431162,2005,R,Tim Stauffer,2015
Staumont,Josh,18335,622251,2019,R,Josh Staumont,2021
Steckenrider,Drew,18806,608716,2017,R,Drew Steckenrider,2021
Stephens,Jackson,14420,623451,2017,R,Jackson Stephens,2018
Stephenson,Robert,13594,596112,2016,R,Robert Stephenson,2021
Stetter,Mitch,5579,449777,2007,L,Mitch Stetter,2011
Stewart,Brock,16727,592779,2016,R,Brock Stewart,2019
Stewart,Kohl,15502,640464,2018,R,Kohl Stewart,2019
Stewart,Zach,7397,543819,2011,R,Zach Stewart,2012
Stinson,Josh,3219,502139,2011,R,Josh Stinson,2014
Stock,Robert,6576,476594,2018,R,Robert Stock,2020
Stokes,Brian,8653,425530,2006,R,Brian Stokes,2010
Storen,Drew,6983,519322,2010,R,Drew Storen,2017
Strahm,Matt,13799,621381,2016,L,Matt Strahm,2020
Straily,Dan,9460,573185,2012,R,Dan Straily,2019
Strasburg,Stephen,10131,544931,2010,R,Stephen Strasburg,2021
Stratton,Chris,13761,608717,2016,R,Chris Stratton,2021
Street,Huston,8258,434718,2005,R,Huston Street,2017
Strickland,Hunter,7836,519326,2014,R,Hunter Strickland,2021
Stripling,Ross,13273,548389,2016,R,Ross Stripling,2021
Stroman,Marcus,13431,573186,2014,R,Marcus Stroman,2021
Strop,Pedro,4070,467008,2009,R,Pedro Strop,2021
Stults,Eric,8011,445590,2006,L,Eric Stults,2015
Stumpf,Daniel,13780,621385,2016,L,Daniel Stumpf,2019
Stutes,Michael,6550,452741,2011,R,Michael Stutes,2013
Suarez,Albert,6175,544150,2016,R,Albert Suarez,2017
Suarez,Andrew,18300,605498,2018,L,Andrew Suarez,2020
Suarez,Jose,19911,660761,2019,L,Jose Suarez,2020
Suarez,Ranger,17277,624133,2018,L,Ranger Suarez,2020
Suero,Wander,15855,593833,2018,R,Wander Suero,2021
Suppan,Jeff,633,122987,1995,R,Jeff Suppan,2012
Surkamp,Eric,2540,474668,2011,L,Eric Surkamp,2016
Suter,Brent,13942,608718,2016,L,Brent Suter,2021
Swanson,Erik,16587,657024,2019,R,Erik Swanson,2021
Swarzak,Anthony,7466,461872,2009,R,Anthony Swarzak,2021
Syndergaard,Noah,11762,592789,2015,R,Noah Syndergaard,2019
Taillon,Jameson,11674,592791,2016,R,Jameson Taillon,2021
Takahashi,Hisanori,10091,538227,2010,L,Hisanori Takahashi,2013
Talbot,Mitch,4961,452676,2008,R,Mitch Talbot,2011
Tallet,Brian,1646,425226,2002,L,Brian Tallet,2011
Tanaka,Masahiro,15764,547888,2014,R,Masahiro Tanaka,2020
Taschner,Jack,2766,435620,2005,L,Jack Taschner,2010
Tate,Dillon,17796,622253,2019,R,Dillon Tate,2021
Tateyama,Yoshinori,11651,599899,2011,R,Yoshinori Tateyama,2012
Tavarez,Julian,541,123118,1993,R,Julian Tavarez,2009
Taylor,Josh,17359,657031,2019,L,Josh Taylor,2021
Tazawa,Junichi,4079,547749,2009,R,Junichi Tazawa,2018
Teaford,Everett,3732,501870,2011,L,Everett Teaford,2015
Teheran,Julio,6797,527054,2011,R,Julio Teheran,2021
Tejeda,Rob,2575,434565,2005,R,Rob Tejeda,2011
Tepera,Ryan,10291,572193,2015,R,Ryan Tepera,2021
Tepesch,Nick,11716,519344,2013,R,Nick Tepesch,2017
Texeira,Kanekoa,334,444427,2010,R,Kanekoa Texeira,2011
Thatcher,Joe,4620,491159,2007,L,Joe Thatcher,2015
Thayer,Dale,5032,445612,2009,R,Dale Thayer,2015
Thielbar,Caleb,10078,573204,2013,L,Caleb Thielbar,2021
Thomas,Brad,757,346801,2001,L,Brad Thomas,2011
Thompson,Brad,4911,433581,2005,R,Brad Thompson,2010
Thompson,Jake,14371,622097,2016,R,Jake Thompson,2018
Thompson,Rich,6422,460366,2007,R,Rich Thompson,2012
Thornburg,Tyler,10688,592804,2012,R,Tyler Thornburg,2020
Thornton,Matt,1918,407819,2004,L,Matt Thornton,2016
Thornton,Trent,17948,663423,2019,R,Trent Thornton,2021
Thorpe,Lewis,15906,626929,2019,L,Lewis Thorpe,2021
Tillman,Chris,5279,501957,2009,R,Chris Tillman,2018
Tolleson,Shawn,10481,474521,2012,R,Shawn Tolleson,2016
Tomko,Brett,1056,123387,1997,R,Brett Tomko,2011
Tomlin,Josh,9388,458708,2010,R,Josh Tomlin,2021
Tonkin,Michael,10315,543859,2013,R,Michael Tonkin,2017
Torres,Alex,7038,456776,2011,L,Alex Torres,2015
Torres,Carlos,7624,448614,2009,R,Carlos Torres,2019
Torres,Jose,14957,600526,2016,L,Jose Torres,2017
Torres,Salomon,1628,123415,1993,R,Salomon Torres,2008
Toussaint,Touki,16929,657053,2018,R,Touki Toussaint,2020
Treinen,Blake,12572,595014,2014,R,Blake Treinen,2021
Triggs,Andrew,13533,592811,2016,R,Andrew Triggs,2020
Trivino,Lou,15043,642152,2018,R,Lou Trivino,2021
Troncoso,Ramon,4685,470462,2008,R,Ramon Troncoso,2013
Tropeano,Nick,12385,607374,2014,R,Nick Tropeano,2020
Tuivailala,Sam,13485,592815,2014,R,Sam Tuivailala,2019
Turnbull,Spencer,16207,605513,2018,R,Spencer Turnbull,2021
Turner,Jacob,10185,545363,2011,R,Jacob Turner,2018
Uehara,Koji,9227,493157,2009,R,Koji Uehara,2017
Underwood,Duane,14677,621249,2018,R,Duane Underwood,2021
Urena,Jose,11589,570632,2015,R,Jose Urena,2021
Urias,Julio,14765,628711,2016,L,Julio Urias,2021
Urquidy,Jose,18413,664353,2019,R,Jose Urquidy,2021
Valdés,Raúl,1953,447744,2010,L,Raúl Valdés,2014
Valdez,Cesar,9013,491624,2010,R,Cesar Valdez,2021
Valdez,Framber,17295,664285,2018,L,Framber Valdez,2020
Valdez,Jose,14470,572308,2015,R,Jose Valdez,2018
Valdez,Merkin,7019,429723,2004,R,Merkin Valdez,2011
Valdez,Phillips,15605,570488,2019,R,Phillips Valdez,2021
Valverde,Jose,1726,407878,2003,R,Jose Valverde,2014
Van den hurk,Rick,5099,462995,2007,R,Rick Van den hurk,2012
Vargas,Claudio,1695,282567,2003,R,Claudio Vargas,2010
Vargas,Jason,8044,450306,2005,L,Jason Vargas,2019
Varvaro,Anthony,2385,460008,2010,R,Anthony Varvaro,2015
Vasquez,Esmerling,5280,458220,2009,R,Esmerling Vasquez,2012
Vazquez,Felipe,12076,553878,2015,L,Felipe Vazquez,2019
Vazquez,Javier,801,134320,1998,R,Javier Vazquez,2011
Veal,Donnie,4741,453264,2009,L,Donnie Veal,2015
Velasquez,Vince,11189,592826,2015,R,Vince Velasquez,2021
Velazquez,Hector,19341,584171,2017,R,Hector Velazquez,2019
Venditte,Pat,7108,519381,2015,R,Pat Venditte,2020
Venters,Jonny,7175,458924,2010,L,Jonny Venters,2019
Ventura,Yordano,11855,570649,2013,R,Yordano Ventura,2016
Veras,Jose,2063,407842,2006,R,Jose Veras,2014
Verhagen,Drew,13424,572403,2014,R,Drew Verhagen,2019
Verlander,Justin,8700,434378,2005,R,Justin Verlander,2020
Verrett,Logan,12905,548337,2015,R,Logan Verrett,2017
Villanueva,Carlos,4138,453646,2006,R,Carlos Villanueva,2016
Villarreal,Brayan,5180,500903,2011,R,Brayan Villarreal,2013
Villarreal,Pedro,9904,543881,2012,R,Pedro Villarreal,2015
Villone,Ron,1010,123725,1995,L,Ron Villone,2009
Vincent,Nick,7555,543883,2012,R,Nick Vincent,2020
Vizcaino,Arodys,5498,527055,2011,R,Arodys Vizcaino,2019
Vizcaino,Luis,714,150430,1999,R,Luis Vizcaino,2009
Vogelsong,Ryan,1011,285064,2000,R,Ryan Vogelsong,2016
Volquez,Edinson,3990,450172,2005,R,Edinson Volquez,2020
Volstad,Chris,9901,458690,2008,R,Chris Volstad,2018
Voth,Austin,15047,608723,2018,R,Austin Voth,2021
Wacha,Michael,14078,608379,2013,R,Michael Wacha,2021
Wada,Tsuyoshi,13046,493159,2014,L,Tsuyoshi Wada,2015
Wade,Cory,7570,460677,2008,R,Cory Wade,2012
Waechter,Doug,1814,425531,2003,R,Doug Waechter,2009
Wagner,Billy,578,123790,1995,L,Billy Wagner,2010
Wagner,Neil,8162,474599,2011,R,Neil Wagner,2014
Waguespack,Jacob,18318,621097,2019,R,Jacob Waguespack,2020
Wainwright,Adam,2233,425794,2005,R,Adam Wainwright,2021
Wakefield,Tim,219,123801,1992,R,Tim Wakefield,2011
Walden,Jordan,3271,477229,2010,R,Jordan Walden,2015
Walden,Marcus,8004,519393,2018,R,Marcus Walden,2020
Walker,Jamie,502,123828,1997,L,Jamie Walker,2009
Walker,Taijuan,11836,592836,2013,R,Taijuan Walker,2021
Walker,Tyler,901,400104,2002,R,Tyler Walker,2010
Walters,P. j.,9557,502208,2009,R,P. j. Walters,2013
Wang,Chien-ming,2074,425426,2005,R,Chien-ming Wang,2016
Warren,Adam,9029,476589,2012,R,Adam Warren,2019
Washburn,Jarrod,40,132220,1998,L,Jarrod Washburn,2009
Waters,Chris,7015,425561,2008,L,Chris Waters,2009
Watson,Tony,3132,453265,2011,L,Tony Watson,2021
Weathers,David,902,124000,1991,R,David Weathers,2009
Weaver,Jeff,503,213711,1999,R,Jeff Weaver,2010
Weaver,Jered,4235,450308,2006,R,Jered Weaver,2017
Weaver,Luke,16918,596133,2016,R,Luke Weaver,2021
Webb,Brandon,1692,425630,2003,R,Brandon Webb,2009
Webb,Daniel,10558,543900,2013,R,Daniel Webb,2016
Webb,Jacob,19274,657097,2019,R,Jacob Webb,2021
Webb,Logan,17995,657277,2019,R,Logan Webb,2021
Webb,Ryan,7474,444436,2009,R,Ryan Webb,2016
Webb,Tyler,14974,643778,2017,L,Tyler Webb,2021
Weber,Ryan,10160,543901,2015,R,Ryan Weber,2020
Webster,Allen,3993,543903,2013,R,Allen Webster,2019
Wellemeyer,Todd,1709,425487,2003,R,Todd Wellemeyer,2010
Wells,Kip,1012,150337,1999,R,Kip Wells,2012
Wells,Randy,4535,448694,2008,R,Randy Wells,2012
Wendelken,J. b.,14506,605525,2016,R,J. b. Wendelken,2021
West,Sean,4393,476811,2009,L,Sean West,2010
Westbrook,Jake,412,150414,2000,R,Jake Westbrook,2013
Wheeler,Dan,120,235095,1999,R,Dan Wheeler,2012
Wheeler,Zack,10310,554430,2013,R,Zack Wheeler,2021
White,Alex,10054,502229,2011,R,Alex White,2012
White,Sean,5564,457461,2007,R,Sean White,2010
Whitley,Chase,10982,595032,2014,R,Chase Whitley,2018
Wick,Rowan,14646,592858,2018,R,Rowan Wick,2020
Wieland,Joe,6109,543921,2012,R,Joe Wieland,2016
Wilhelmsen,Tom,9975,452666,2011,R,Tom Wilhelmsen,2017
Williams,Devin,15816,642207,2019,R,Devin Williams,2021
Williams,Jerome,1137,425532,2003,R,Jerome Williams,2016
Williams,Randy,2362,430942,2004,L,Randy Williams,2011
Williams,Taylor,14899,592865,2017,R,Taylor Williams,2021
Williams,Trevor,16977,592866,2016,R,Trevor Williams,2021
Willis,Dontrelle,1703,425883,2003,L,Dontrelle Willis,2011
Wilson,Alex,9239,543935,2013,R,Alex Wilson,2019
Wilson,Brian,6485,451216,2006,R,Brian Wilson,2014
Wilson,Bryse,19990,669060,2018,R,Bryse Wilson,2021
Wilson,C. j.,3580,450351,2005,L,C. j. Wilson,2015
Wilson,Justin,4301,458677,2012,L,Justin Wilson,2021
Wilson,Tyler,12691,592869,2015,R,Tyler Wilson,2017
Wingenter,Trey,17793,622259,2018,R,Trey Wingenter,2019
Winkler,Dan,12237,595465,2015,R,Dan Winkler,2021
Wisler,Matt,12804,605538,2015,R,Matt Wisler,2021
Withrow,Chris,7161,519437,2013,R,Chris Withrow,2016
Wittgren,Nick,15594,621295,2016,R,Nick Wittgren,2021
Wojciechowski,Asher,10836,592879,2015,R,Asher Wojciechowski,2020
Wolf,Randy,976,150116,1999,L,Randy Wolf,2015
Wolf,Ross,4534,448693,2007,R,Ross Wolf,2013
Wood,Alex,13781,622072,2013,L,Alex Wood,2021
Wood,Blake,1345,502028,2010,R,Blake Wood,2018
Wood,Hunter,15091,621056,2017,R,Hunter Wood,2019
Wood,Kerry,304,134268,1998,R,Kerry Wood,2012
Wood,Tim,3775,445971,2009,R,Tim Wood,2011
Wood,Travis,9884,475243,2010,L,Travis Wood,2017
Woodruff,Brandon,16162,605540,2017,R,Brandon Woodruff,2021
Wooten,Rob,8532,543942,2013,R,Rob Wooten,2015
Workman,Brandon,11428,519443,2013,R,Brandon Workman,2021
Worley,Vance,6435,474699,2010,R,Vance Worley,2017
Wright,Daniel,15179,642229,2016,R,Daniel Wright,2017
Wright,Jamey,715,124604,1996,R,Jamey Wright,2014
Wright,Kyle,19665,657140,2018,R,Kyle Wright,2021
Wright,Mike,12586,605541,2015,R,Mike Wright,2019
Wright,Steven,8185,453214,2013,R,Steven Wright,2019
Wright,Wesley,5960,449079,2008,L,Wesley Wright,2015
Wuertz,Michael,1856,430900,2004,R,Michael Wuertz,2011
Yabu,Keiichi,8624,435158,2005,R,Keiichi Yabu,2008
Yabuta,Yasuhiko,3277,493161,2008,R,Yasuhiko Yabuta,2009
Yacabonis,Jimmy,15157,642231,2017,R,Jimmy Yacabonis,2020
Yamamoto,Jordan,17585,657141,2019,R,Jordan Yamamoto,2021
Yarbrough,Ryan,16502,642232,2018,L,Ryan Yarbrough,2021
Yates,Kirby,9073,489446,2014,R,Kirby Yates,2020
Yates,Tyler,1527,407884,2004,R,Tyler Yates,2009
Ynoa,Gabriel,12938,593679,2016,R,Gabriel Ynoa,2019
Ynoa,Huascar,20468,660623,2019,R,Huascar Ynoa,2021
Ynoa,Michael,14093,573589,2016,R,Michael Ynoa,2017
Young,Alex,18333,622065,2019,L,Alex Young,2021
Young,Chris,3196,432934,2004,R,Chris Young,2017
Zagurski,Mike,9683,489448,2007,L,Mike Zagurski,2018
Zambrano,Carlos,305,407296,2001,R,Carlos Zambrano,2012
Zavada,Clay,8577,501826,2009,L,Clay Zavada,2009
Ziegler,Brad,7293,446899,2008,R,Brad Ziegler,2018
Zimmer,Kyle,14169,622092,2019,R,Kyle Zimmer,2021
Zimmermann,Jordan,4505,519455,2009,R,Jordan Zimmermann,2021
Zito,Barry,944,217096,2000,L,Barry Zito,2015
Zumaya,Joel,4699,451491,2006,R,Joel Zumaya,2010
Zych,Tony,12876,543964,2015,R,Tony Zych,2017
